CocktailId,CocktailName,CanonicalKey,IsApproved,IsPopular,Source,GlassType,TimePeriod,LegacyFlavorProfile,CurrentTagsAll,Aesthetic,"Build Method","Build Pattern","Cocktail Family","Flavor Profile",Mood,Occasion,Strength,Texture
21,"20th Century",cocktail_recipe_book::20th_century,Yes,No,"Cocktail Recipe Book","",Classic,"Simple and Sweet","","","","","","","","","",""
156,A.B.C,cocktail_recipe_book::abc,Yes,No,"Cocktail Recipe Book","",Vintage,"Minty and Delicate","","","","","","","","","",""
177,"Absolutely Fabulous",cocktail_recipe_book::absolutely_fabulous,Yes,No,"Cocktail Recipe Book","",Modern,"Sweet and Fruity","","","","","","","","","",""
134,Acapulco,cocktail_recipe_book::acapulco,Yes,No,"Cocktail Recipe Book","",Classic,"Fruity and Sweet","","","","","","","","","",""
112,"Agent Orange",cocktail_recipe_book::agent_orange,Yes,No,"Cocktail Recipe Book","",Modern,"Citrusy and Sweet","","","","","","","","","",""
176,"Air Mail",cocktail_recipe_book::air_mail,Yes,No,"Cocktail Recipe Book","",Classic,"Bubbly and Sweet","","","","","","","","","",""
113,"Alexander the Great",cocktail_recipe_book::alexander_the_great,Yes,No,"Cocktail Recipe Book","",Modern,"Sweet and Smooth","","","","","","","","","",""
22,Algonquin,cocktail_recipe_book::algonquin,Yes,No,"Cocktail Recipe Book","",Vintage,"Dry and Aromatic","Build Method: Stirred | Build Pattern: Short Drink","",Stirred,"Short Drink","","","","","",""
178,"Aperol Spritz",cocktail_recipe_book::aperol_spritz,Yes,Yes,"Cocktail Recipe Book","",Vintage,"Herbal and Refreshing","Build Method: Built | Build Pattern: Long Drink | Build Pattern: Simple 3-Ingredient | Build Pattern: Topped With Soda | Flavor Profile: Bitter | Flavor Profile: Fizzy | Flavor Profile: Refreshing | Mood: Poolside | Occasion: Aperitif | Occasion: Summer | Strength: Low-ABV | Strength: Sessionable","",Built,"Long Drink | Simple 3-Ingredient | Topped With Soda","","Bitter | Fizzy | Refreshing",Poolside,"Aperitif | Summer","Low-ABV | Sessionable",""
207,"Apricot Mocktail",ultimate_bar_book_the_comprehensive_guid::apricot_mocktail,Yes,No,"Ultimate Bar Book: the Comprehensive Guide","","","","Strength: Low-ABV","","","","","","","",Low-ABV,""
23,"Archibald's Last Memory",cocktail_recipe_book::archibalds_last_memory,Yes,No,"Cocktail Recipe Book","",Classic,"Bitter and Herbal","","","","","","","","","",""
1,"Army and Navy",cocktail_recipe_book::army_and_navy,Yes,No,"Cocktail Recipe Book","",Classic,"Citrusy and Dry","Build Method: Shaken | Build Pattern: Simple 3-Ingredient | Build Pattern: Spirit + Citrus + Sweet | Cocktail Family: Sour | Flavor Profile: Citrusy","",Shaken,"Simple 3-Ingredient | Spirit + Citrus + Sweet",Sour,Citrusy,"","","",""
2,Aviation,cocktail_recipe_book::aviation,Yes,Yes,"Cocktail Recipe Book","",Classic,"Floral and Citrusy","Build Method: Shaken | Build Pattern: Served Up | Build Pattern: Simple 3-Ingredient | Build Pattern: Spirit + Citrus + Sweet | Cocktail Family: Sour | Flavor Profile: Citrusy","",Shaken,"Served Up | Simple 3-Ingredient | Spirit + Citrus + Sweet",Sour,Citrusy,"","","",""
157,BBC,cocktail_recipe_book::bbc,Yes,No,"Cocktail Recipe Book","",Vintage,"Dry and Smooth","","","","","","","","","",""
84,"Bahama Mama",cocktail_recipe_book::bahama_mama,Yes,No,"Cocktail Recipe Book","","","Fruity and Sweet","Build Pattern: Complex Spec | Build Pattern: Tiki Multi-Ingredient | Flavor Profile: Tropical","","","Complex Spec | Tiki Multi-Ingredient","",Tropical,"","","",""
208,"Banana Mocha Frappé",ultimate_bar_book_the_comprehensive_guid::banana_mocha_frapp,Yes,No,"Ultimate Bar Book: the Comprehensive Guide","","","","Build Method: Blended | Build Pattern: Frozen Cocktail | Flavor Profile: Creamy | Texture: Creamy","",Blended,"Frozen Cocktail","",Creamy,"","","",Creamy
209,"Beach Breeze",ultimate_bar_book_the_comprehensive_guid::beach_breeze,Yes,No,"Ultimate Bar Book: the Comprehensive Guide","","","","","","","","","","","","",""
24,"Bee Sting",cocktail_recipe_book::bee_sting,Yes,No,"Cocktail Recipe Book","",Modern,"Spicy and Refreshing","Build Method: Shaken","",Shaken,"","","","","","",""
3,"Bee's Knees",cocktail_recipe_book::bees_knees,Yes,No,"Cocktail Recipe Book","",Classic,"Sweet and Citrusy","Build Method: Shaken | Build Pattern: Served Up | Build Pattern: Simple 3-Ingredient | Build Pattern: Spirit + Citrus + Sweet | Cocktail Family: Sour | Flavor Profile: Citrusy","",Shaken,"Served Up | Simple 3-Ingredient | Spirit + Citrus + Sweet",Sour,Citrusy,"","","",""
46,Beelzebub,cocktail_recipe_book::beelzebub,Yes,No,"Cocktail Recipe Book","",Modern,"Bitter and Sweet","","","","","","","","","",""
179,Bellini,cocktail_recipe_book::bellini,Yes,No,"Cocktail Recipe Book","",Classic,"Fruity and Sweet","Build Method: Built | Build Pattern: Long Drink | Build Pattern: Simple 3-Ingredient | Build Pattern: Topped With Soda | Flavor Profile: Fizzy | Flavor Profile: Refreshing | Mood: Brunchy | Mood: Playful | Occasion: Brunch | Strength: Low-ABV | Strength: Sessionable","",Built,"Long Drink | Simple 3-Ingredient | Topped With Soda","","Fizzy | Refreshing","Brunchy | Playful",Brunch,"Low-ABV | Sessionable",""
210,"Bergamot-Berry Iced Tea",ultimate_bar_book_the_comprehensive_guid::bergamot_berry_iced_tea,Yes,No,"Ultimate Bar Book: the Comprehensive Guide","","","","","","","","","","","","",""
114,Bernice,cocktail_recipe_book::bernice,Yes,No,"Cocktail Recipe Book","",Modern,"Dry and Citrusy","","","","","","","","","",""
85,"Between the Sheets",cocktail_recipe_book::between_the_sheets,Yes,No,"Cocktail Recipe Book","",Classic,"Citrusy and Spirit-forward","","","","","","","","","",""
4,Bijou,cocktail_recipe_book::bijou,Yes,No,"Cocktail Recipe Book","",Modern,"Complex and Spirit-Forward","Build Method: Stirred | Build Pattern: Served Up | Build Pattern: Short Drink | Build Pattern: Spirit-Forward | Flavor Profile: Bitter | Strength: Spirit-Forward","",Stirred,"Served Up | Short Drink | Spirit-Forward","",Bitter,"","",Spirit-Forward,""
180,"Black Magic",cocktail_recipe_book::black_magic,Yes,No,"Cocktail Recipe Book","",Vintage,"Dry and Bubbly","","","","","","","","","",""
115,"Black Russian",cocktail_recipe_book::black_russian,Yes,No,"Cocktail Recipe Book","",Classic,"Dry and Spirit-forward","Build Method: Stirred | Build Pattern: Served Up | Build Pattern: Short Drink | Build Pattern: Simple 2-Ingredient | Build Pattern: Spirit-Forward | Strength: Spirit-Forward","",Stirred,"Served Up | Short Drink | Simple 2-Ingredient | Spirit-Forward","","","","",Spirit-Forward,""
25,"Black Spring",cocktail_recipe_book::black_spring,Yes,No,"Cocktail Recipe Book","",Modern,"Spicy and Complex","","","","","","","","","",""
26,Blinker,cocktail_recipe_book::blinker,Yes,No,"Cocktail Recipe Book","",Classic,"Zesty and Tart","","","","","","","","","",""
116,"Bloody Mary",cocktail_recipe_book::bloody_mary,Yes,Yes,"Cocktail Recipe Book","",Vintage,"Spicy and Savory","Mood: Brunchy | Occasion: Brunch","","","","","",Brunchy,Brunch,"",""
86,"Blue Hawaiian",cocktail_recipe_book::blue_hawaiian,Yes,No,"Cocktail Recipe Book","","","Fruity and Sweet","Build Pattern: Complex Spec | Build Pattern: Tiki Multi-Ingredient | Flavor Profile: Tropical","","","Complex Spec | Tiki Multi-Ingredient","",Tropical,"","","",""
117,"Blue Lagoon",cocktail_recipe_book::blue_lagoon,Yes,No,"Cocktail Recipe Book","",Modern,"Strong and Sweet","","","","","","","","","",""
47,"Boston Sour",cocktail_recipe_book::boston_sour,Yes,No,"Cocktail Recipe Book","",Classic,"Sweet and Smooth","Build Method: Shaken | Build Pattern: Egg White / Foam | Build Pattern: Spirit + Citrus + Sweet | Cocktail Family: Sour | Flavor Profile: Sour | Texture: Frothy","",Shaken,"Egg White / Foam | Spirit + Citrus + Sweet",Sour,Sour,"","","",Frothy
27,Boulevardier,cocktail_recipe_book::boulevardier,Yes,Yes,"Cocktail Recipe Book","",Classic,"Bitter and Spirit-forward","Build Method: Stirred | Build Pattern: Equal Parts | Build Pattern: Served Up | Build Pattern: Short Drink | Build Pattern: Simple 3-Ingredient | Build Pattern: Spirit-Forward | Flavor Profile: Bitter | Mood: Sophisticated | Occasion: Aperitif | Strength: Spirit-Forward","",Stirred,"Equal Parts | Served Up | Short Drink | Simple 3-Ingredient | Spirit-Forward","",Bitter,Sophisticated,Aperitif,Spirit-Forward,""
48,"Bourbon Alexander",cocktail_recipe_book::bourbon_alexander,Yes,No,"Cocktail Recipe Book","",Classic,"Sweet and Decadent","Build Method: Shaken | Build Pattern: Simple 4-Ingredient | Flavor Profile: Creamy | Texture: Creamy","",Shaken,"Simple 4-Ingredient","",Creamy,"","","",Creamy
49,"Bourbon Cider",cocktail_recipe_book::bourbon_cider,Yes,No,"Cocktail Recipe Book","",Modern,"Sweet and Fruity","","","","","","","","","",""
50,"Bourbon Lift",cocktail_recipe_book::bourbon_lift,Yes,No,"Cocktail Recipe Book","",Vintage,"Sweet and Creamy","","","","","","","","","",""
51,"Bourbon Smash",cocktail_recipe_book::bourbon_smash,Yes,No,"Cocktail Recipe Book","",Modern,"Fruity and Refreshing","Build Method: Muddled | Cocktail Family: Smash","",Muddled,"",Smash,"","","","",""
195,Bramble,cocktail_recipe_book::bramble,Yes,No,"Cocktail Recipe Book","",Vintage,"Fruity and Citrusy","Build Method: Shaken | Build Pattern: Over Crushed Ice | Build Pattern: Spirit + Citrus + Sweet | Cocktail Family: Sour","",Shaken,"Over Crushed Ice | Spirit + Citrus + Sweet",Sour,"","","","",""
158,"Brandy Alexander",cocktail_recipe_book::brandy_alexander,Yes,No,"Cocktail Recipe Book","",Vintage,"Rich and Spirit-forward","Build Method: Shaken | Build Pattern: Simple 4-Ingredient | Flavor Profile: Creamy | Texture: Creamy","",Shaken,"Simple 4-Ingredient","",Creamy,"","","",Creamy
159,"Brandy Cobbler",cocktail_recipe_book::brandy_cobbler,Yes,No,"Cocktail Recipe Book","",Vintage,"Dry and Spirit-forward","Cocktail Family: Cobbler","","","",Cobbler,"","","","",""
160,"Brandy Cocktail",cocktail_recipe_book::brandy_cocktail,Yes,No,"Cocktail Recipe Book","",Vintage,"Subtle and Fresh","","","","","","","","","",""
161,"Brandy Fix",cocktail_recipe_book::brandy_fix,Yes,No,"Cocktail Recipe Book","",Classic,"Fruity and Tart","","","","","","","","","",""
162,"Brandy Milk Punch",cocktail_recipe_book::brandy_milk_punch,Yes,No,"Cocktail Recipe Book","",Classic,"Smooth and Rich","","","","","","","","","",""
163,"Brandy Smash",cocktail_recipe_book::brandy_smash,Yes,No,"Cocktail Recipe Book","",Classic,"Minty and Sweet","Build Method: Muddled | Cocktail Family: Smash","",Muddled,"",Smash,"","","","",""
28,Brooklyn,cocktail_recipe_book::brooklyn,Yes,No,"Cocktail Recipe Book","",Modern,"Dry and Spirit-forward","Build Method: Stirred | Build Pattern: Served Up | Build Pattern: Short Drink | Build Pattern: Spirit-Forward | Strength: Spirit-Forward","",Stirred,"Served Up | Short Drink | Spirit-Forward","","","","",Spirit-Forward,""
52,"Brown Derby",cocktail_recipe_book::brown_derby,Yes,No,"Cocktail Recipe Book","",Classic,"Fruity and Tart","Build Method: Shaken | Build Pattern: Spirit + Citrus + Sweet | Cocktail Family: Sour","",Shaken,"Spirit + Citrus + Sweet",Sour,"","","","",""
87,Bumboo,cocktail_recipe_book::bumboo,Yes,No,"Cocktail Recipe Book","","","Fruity and Spicy","","","","","","","","","",""
118,Caesar,cocktail_recipe_book::caesar,Yes,No,"Cocktail Recipe Book","",Vintage,"Savory and Salty","Mood: Brunchy | Occasion: Brunch","","","","","",Brunchy,Brunch,"",""
135,Cantaritos,cocktail_recipe_book::cantaritos,Yes,No,"Cocktail Recipe Book","",Modern,"Citrusy and Sweet","","","","","","","","","",""
119,"Cape Codder",cocktail_recipe_book::cape_codder,Yes,No,"Cocktail Recipe Book","",Modern,"Sweet and Refreshing","Build Method: Built | Build Pattern: Long Drink | Flavor Profile: Fizzy | Flavor Profile: Refreshing | Strength: Sessionable","",Built,"Long Drink","","Fizzy | Refreshing","","",Sessionable,""
196,Casino,cocktail_recipe_book::casino,Yes,No,"Cocktail Recipe Book","",Vintage,"Dry and Spirit-forward","Build Method: Shaken","",Shaken,"","","","","","",""
181,"Champagne Cocktail",cocktail_recipe_book::champagne_cocktail,Yes,Yes,"Cocktail Recipe Book","",Classic,"Dry and Herbal","","","","","","","","","",""
182,Champino,cocktail_recipe_book::champino,Yes,No,"Cocktail Recipe Book","",Vintage,"Dry and Bittersweet","","","","","","","","","",""
164,"Champs Elysees",cocktail_recipe_book::champs_elysees,Yes,No,"Cocktail Recipe Book","",Vintage,"Dry and Citrusy","","","","","","","","","",""
258,Chancellor,user_added::chancellor,Yes,No,"User Added","",Classic,"","Build Method: Shaken | Build Pattern: Served Up | Build Pattern: Simple 4-Ingredient | Build Pattern: Spirit + Citrus + Sweet | Cocktail Family: Sour","",Shaken,"Served Up | Simple 4-Ingredient | Spirit + Citrus + Sweet",Sour,"","","","",""
183,"Chin Chin (by Tony Conigliaro)",cocktail_recipe_book::chin_chin_by_tony_conigliaro,Yes,No,"Cocktail Recipe Book","",Modern,"Sweet and Bubbly","","","","","","","","","",""
211,"Chocolate Citrus Cocktail",ultimate_bar_book_the_comprehensive_guid::chocolate_citrus_cocktail,Yes,No,"Ultimate Bar Book: the Comprehensive Guide","","","","","","","","","","","","",""
165,Chrysanthemum,cocktail_recipe_book::chrysanthemum,Yes,No,"Cocktail Recipe Book","",Classic,"Dry and Herbal","Build Method: Stirred | Build Pattern: Short Drink","",Stirred,"Short Drink","","","","","",""
212,"Cilantro Limeade Cooler",ultimate_bar_book_the_comprehensive_guid::cilantro_limeade_cooler,Yes,No,"Ultimate Bar Book: the Comprehensive Guide","","","","Build Pattern: Long Drink | Cocktail Family: Cooler","","","Long Drink",Cooler,"","","","",""
166,"Classic Cocktail",cocktail_recipe_book::classic_cocktail,Yes,No,"Cocktail Recipe Book","",Classic,"Citrusy and Sweet","Build Method: Blended | Build Method: Stirred | Build Pattern: Frozen Cocktail | Build Pattern: Short Drink","","Blended | Stirred","Frozen Cocktail | Short Drink","","","","","",""
197,"Clover Club",cocktail_recipe_book::clover_club,Yes,No,"Cocktail Recipe Book","",Vintage,"Sweet and Fruity","Build Method: Shaken | Build Pattern: Egg White / Foam | Build Pattern: Simple 4-Ingredient | Texture: Frothy","",Shaken,"Egg White / Foam | Simple 4-Ingredient","","","","","",Frothy
213,"Coastal Spritz",user_added::coastal_spritz,Yes,No,"User Added","",Modern,"","Build Pattern: Long Drink | Build Pattern: Topped With Soda | Flavor Profile: Refreshing | Strength: Low-ABV","","","Long Drink | Topped With Soda","",Refreshing,"","",Low-ABV,""
198,"Coco Chanel",cocktail_recipe_book::coco_chanel,Yes,No,"Cocktail Recipe Book","",Classic,"Sweet and Spirit Forward","","","","","","","","","",""
214,"Coconut Fizz",ultimate_bar_book_the_comprehensive_guid::coconut_fizz,Yes,No,"Ultimate Bar Book: the Comprehensive Guide","","","","Build Method: Built | Build Pattern: Topped With Soda | Cocktail Family: Fizz","",Built,"Topped With Soda",Fizz,"","","","",""
167,"Corpse Reviver",cocktail_recipe_book::corpse_reviver,Yes,No,"Cocktail Recipe Book","",Classic,"Strong and Dry","Build Method: Shaken | Build Pattern: Simple 4-Ingredient | Cocktail Family: Sour","",Shaken,"Simple 4-Ingredient",Sour,"","","","",""
5,"Corpse Reviver #2",cocktail_recipe_book::corpse_reviver_#2,Yes,No,"Cocktail Recipe Book","",Classic,"Tart and Spirit-forward","Build Method: Shaken | Build Pattern: Equal Parts | Build Pattern: Served Up | Build Pattern: Simple 4-Ingredient | Cocktail Family: Sour | Flavor Profile: Citrusy","",Shaken,"Equal Parts | Served Up | Simple 4-Ingredient",Sour,Citrusy,"","","",""
120,Cosmopolitan,cocktail_recipe_book::cosmopolitan,Yes,Yes,"Cocktail Recipe Book","",Modern,"Citrusy and Sweet","Build Method: Shaken | Build Pattern: Served Up | Build Pattern: Simple 4-Ingredient | Mood: Playful","",Shaken,"Served Up | Simple 4-Ingredient","","",Playful,"","",""
168,Crusta,cocktail_recipe_book::crusta,Yes,No,"Cocktail Recipe Book","",Modern,"Complex and Spirit-Forward","Cocktail Family: Crusta","","","",Crusta,"","","","",""
88,"Cuba Libre",cocktail_recipe_book::cuba_libre,Yes,No,"Cocktail Recipe Book","",Vintage,"Sweet and Bubbly","Build Method: Built | Build Pattern: Long Drink | Build Pattern: Simple 3-Ingredient | Strength: Sessionable","",Built,"Long Drink | Simple 3-Ingredient","","","","",Sessionable,""
216,"Cucumber Lemonade",ultimate_bar_book_the_comprehensive_guid::cucumber_lemonade,Yes,No,"Ultimate Bar Book: the Comprehensive Guide","","","","","","","","","","","","",""
89,Daiquiri,cocktail_recipe_book::daiquiri,Yes,Yes,"Cocktail Recipe Book","",Classic,"Tart and Citrusy","Build Method: Shaken | Build Pattern: Served Up | Build Pattern: Simple 3-Ingredient | Build Pattern: Spirit + Citrus + Sweet | Cocktail Family: Sour | Flavor Profile: Citrusy","",Shaken,"Served Up | Simple 3-Ingredient | Spirit + Citrus + Sweet",Sour,Citrusy,"","","",""
90,"Daiquiri (Blended)",cocktail_recipe_book::daiquiri_blended,Yes,No,"Cocktail Recipe Book","",Modern,"Sweet and Citrusy","Build Method: Blended | Build Pattern: Frozen Cocktail","",Blended,"Frozen Cocktail","","","","","",""
91,"Daiquiri (With Fruit)",cocktail_recipe_book::daiquiri_with_fruit,Yes,No,"Cocktail Recipe Book","",Modern,"","Build Method: Shaken","",Shaken,"","","","","","",""
169,Daisy,cocktail_recipe_book::daisy,Yes,No,"Cocktail Recipe Book","",Classic,"Citrusy and Refreshing","","","","","","","","","",""
92,"Dark and Stormy",cocktail_recipe_book::dark_and_stormy,Yes,Yes,"Cocktail Recipe Book","",Modern,"Spicy and Refreshing","Build Method: Built | Build Pattern: Long Drink | Build Pattern: Simple 3-Ingredient | Build Pattern: Spirit + Citrus + Sweet | Cocktail Family: Buck | Flavor Profile: Fizzy | Flavor Profile: Refreshing | Strength: Sessionable","",Built,"Long Drink | Simple 3-Ingredient | Spirit + Citrus + Sweet",Buck,"Fizzy | Refreshing","","",Sessionable,""
30,"De La Louisiane #4",cocktail_recipe_book::de_la_louisiane_#4,Yes,No,"Cocktail Recipe Book","",Classic,"Sweet and Herbal","Build Method: Stirred | Build Pattern: Served Up | Build Pattern: Short Drink | Build Pattern: Spirit-Forward | Strength: Spirit-Forward","",Stirred,"Served Up | Short Drink | Spirit-Forward","","","","",Spirit-Forward,""
184,"Death in the Afternoon",cocktail_recipe_book::death_in_the_afternoon,Yes,No,"Cocktail Recipe Book","",Classic,"Herbal and Complex","","","","","","","","","",""
6,Derby,cocktail_recipe_book::derby,Yes,No,"Cocktail Recipe Book","",Classic,"Herbal and sweet","","","","","","","","","",""
29,Diamondback,cocktail_recipe_book::diamondback,Yes,No,"Cocktail Recipe Book","",Vintage,"Dry and Herbal","Build Method: Stirred | Build Pattern: Served Up | Build Pattern: Short Drink | Build Pattern: Spirit-Forward | Strength: Spirit-Forward","",Stirred,"Served Up | Short Drink | Spirit-Forward","","","","",Spirit-Forward,""
53,"Dixie Dew",cocktail_recipe_book::dixie_dew,Yes,No,"Cocktail Recipe Book","",Modern,"Minty and Complex","","","","","","","","","",""
54,Eclipse,cocktail_recipe_book::eclipse,Yes,No,"Cocktail Recipe Book","",Modern,"Fruity and Refreshing","","","","","","","","","",""
136,"El Diablo",cocktail_recipe_book::el_diablo,Yes,No,"Cocktail Recipe Book","",Modern,"Spicy and Sweet","Build Method: Shaken | Build Pattern: Long Drink | Build Pattern: Simple 3-Ingredient | Build Pattern: Spirit + Citrus + Sweet | Cocktail Family: Buck | Flavor Profile: Spicy","",Shaken,"Long Drink | Simple 3-Ingredient | Spirit + Citrus + Sweet",Buck,Spicy,"","","",""
93,"El Floridita",cocktail_recipe_book::el_floridita,Yes,No,"Cocktail Recipe Book","","","Sweet and Fruity","","","","","","","","","",""
94,"El Presidente",cocktail_recipe_book::el_presidente,Yes,No,"Cocktail Recipe Book","","","Sweet and Fruity","","","","","","","","","",""
171,"Embassy Cocktail",cocktail_recipe_book::embassy_cocktail,Yes,No,"Cocktail Recipe Book","",Classic,"Bitter and Dry","Build Method: Stirred | Build Pattern: Short Drink","",Stirred,"Short Drink","","","","","",""
55,"Enrico Palazzo",cocktail_recipe_book::enrico_palazzo,Yes,No,"Cocktail Recipe Book","",Modern,"Bittersweet and Complex","","","","","","","","","",""
137,"Estilo Viejo",cocktail_recipe_book::estilo_viejo,Yes,No,"Cocktail Recipe Book","",Classic,"Dry and Spirit-forward","","","","","","","","","",""
31,Falconi,cocktail_recipe_book::falconi,Yes,No,"Cocktail Recipe Book","",Vintage,"Herbal and Dry","","","","","","","","","",""
56,"Fancy Free",cocktail_recipe_book::fancy_free,Yes,No,"Cocktail Recipe Book","",Classic,"Fruity and Complex","Build Method: Stirred | Build Pattern: Served Up | Build Pattern: Short Drink | Build Pattern: Spirit-Forward | Strength: Spirit-Forward","",Stirred,"Served Up | Short Drink | Spirit-Forward","","","","",Spirit-Forward,""
32,"Final Ward",cocktail_recipe_book::final_ward,Yes,No,"Cocktail Recipe Book","",Modern,"Sweet and Citrusy","Build Method: Shaken | Build Pattern: Equal Parts | Build Pattern: Served Up | Build Pattern: Simple 4-Ingredient | Cocktail Family: Sour | Flavor Profile: Citrusy","",Shaken,"Equal Parts | Served Up | Simple 4-Ingredient",Sour,Citrusy,"","","",""
138,"Freddy Fudpucker",cocktail_recipe_book::freddy_fudpucker,Yes,No,"Cocktail Recipe Book","",Modern,"Sweet and Citrusy","","","","","","","","","",""
185,"French 75",cocktail_recipe_book::french_75,Yes,Yes,"Cocktail Recipe Book","",Vintage,"Bubbly and Sweet","Build Method: Built | Build Pattern: Long Drink | Build Pattern: Simple 3-Ingredient | Build Pattern: Spirit + Citrus + Sweet | Build Pattern: Topped With Soda | Cocktail Family: Fizz | Flavor Profile: Citrusy | Flavor Profile: Fizzy | Flavor Profile: Refreshing | Mood: Brunchy | Occasion: Brunch","",Built,"Long Drink | Simple 3-Ingredient | Spirit + Citrus + Sweet | Topped With Soda",Fizz,"Citrusy | Fizzy | Refreshing",Brunchy,Brunch,"",""
170,"French Connection",cocktail_recipe_book::french_connection,Yes,No,"Cocktail Recipe Book","",Classic,"Sweet and Spirit-Forward","Build Method: Stirred | Build Pattern: Served Up | Build Pattern: Short Drink | Build Pattern: Simple 2-Ingredient | Build Pattern: Spirit-Forward | Strength: Spirit-Forward","",Stirred,"Served Up | Short Drink | Simple 2-Ingredient | Spirit-Forward","","","","",Spirit-Forward,""
121,"French Martini",cocktail_recipe_book::french_martini,Yes,No,"Cocktail Recipe Book","",Modern,"Fruity and Sweet","Build Method: Shaken | Build Pattern: Served Up | Build Pattern: Simple 4-Ingredient | Mood: Playful","",Shaken,"Served Up | Simple 4-Ingredient","","",Playful,"","",""
218,"Fuzzless Navel",ultimate_bar_book_the_comprehensive_guid::fuzzless_navel,Yes,No,"Ultimate Bar Book: the Comprehensive Guide","","","","","","","","","","","","",""
7,Gimlet,cocktail_recipe_book::gimlet,Yes,Yes,"Cocktail Recipe Book","",Classic,"Tart and Spirit-forward","","","","","","","","","",""
8,"Gin Buck",cocktail_recipe_book::gin_buck,Yes,No,"Cocktail Recipe Book","",Classic,"Bubbly and Sweet","Build Pattern: Long Drink | Build Pattern: Simple 3-Ingredient | Build Pattern: Spirit + Citrus + Sweet | Cocktail Family: Buck | Flavor Profile: Fizzy | Flavor Profile: Refreshing","","","Long Drink | Simple 3-Ingredient | Spirit + Citrus + Sweet",Buck,"Fizzy | Refreshing","","","",""
199,"Gin Rickey",cocktail_recipe_book::gin_rickey,Yes,No,"Cocktail Recipe Book","",Classic,"Bubbly and Tart","Build Pattern: Long Drink | Build Pattern: Simple 3-Ingredient | Build Pattern: Spirit + Citrus + Sweet | Cocktail Family: Rickey | Flavor Profile: Fizzy | Flavor Profile: Refreshing","","","Long Drink | Simple 3-Ingredient | Spirit + Citrus + Sweet",Rickey,"Fizzy | Refreshing","","","",""
201,"Gin Soda",cocktail_recipe_book::gin_soda,Yes,No,"Cocktail Recipe Book","",Classic,"Bubbly and Herbal","Build Method: Built | Build Pattern: Long Drink | Build Pattern: Simple 2-Ingredient | Cocktail Family: Highball | Strength: Sessionable","",Built,"Long Drink | Simple 2-Ingredient",Highball,"","","",Sessionable,""
200,"Gin and Tonic",cocktail_recipe_book::gin_and_tonic,Yes,Yes,"Cocktail Recipe Book","",Classic,"Bubbly and Sweet","Build Method: Built | Build Pattern: Long Drink | Build Pattern: Simple 2-Ingredient | Cocktail Family: Highball | Flavor Profile: Fizzy | Flavor Profile: Refreshing | Strength: Sessionable","",Built,"Long Drink | Simple 2-Ingredient",Highball,"Fizzy | Refreshing","","",Sessionable,""
220,"Ginger Citrus Cocktail",ultimate_bar_book_the_comprehensive_guid::ginger_citrus_cocktail,Yes,No,"Ultimate Bar Book: the Comprehensive Guide","","","","","","","","","","","","",""
221,"Ginger Julep",ultimate_bar_book_the_comprehensive_guid::ginger_julep,Yes,No,"Ultimate Bar Book: the Comprehensive Guide","","","","Build Method: Muddled | Build Pattern: Over Crushed Ice | Cocktail Family: Julep | Flavor Profile: Spicy","",Muddled,"Over Crushed Ice",Julep,Spicy,"","","",""
219,"Ginger and Fred",ultimate_bar_book_the_comprehensive_guid::ginger_and_fred,Yes,No,"Ultimate Bar Book: the Comprehensive Guide","","","","Flavor Profile: Spicy","","","","",Spicy,"","","",""
67,Godfather,cocktail_recipe_book::godfather,Yes,No,"Cocktail Recipe Book","",Modern,"Bitter and Complex","Build Method: Stirred | Build Pattern: Served Up | Build Pattern: Short Drink | Build Pattern: Simple 2-Ingredient | Build Pattern: Spirit-Forward | Strength: Spirit-Forward","",Stirred,"Served Up | Short Drink | Simple 2-Ingredient | Spirit-Forward","","","","",Spirit-Forward,""
57,"Gold Rush (by Sasha Petraske)",cocktail_recipe_book::gold_rush_by_sasha_petraske,Yes,No,"Cocktail Recipe Book","",Modern,"Sweet and Citrusy","Build Method: Shaken | Build Pattern: Simple 3-Ingredient | Build Pattern: Spirit + Citrus + Sweet | Cocktail Family: Sour | Flavor Profile: Citrusy","",Shaken,"Simple 3-Ingredient | Spirit + Citrus + Sweet",Sour,Citrusy,"","","",""
222,"Golden Orchard",user_added::golden_orchard,Yes,No,"User Added","",Modern,"","","","","","","","","","",""
172,"Grande Champagne Cosmo",cocktail_recipe_book::grande_champagne_cosmo,Yes,No,"Cocktail Recipe Book","",Vintage,"Rich and Fruity","","","","","","","","","",""
122,Greyhound,cocktail_recipe_book::greyhound,Yes,No,"Cocktail Recipe Book","",Classic,"Tart and Bitter","Build Method: Built | Build Pattern: Long Drink | Build Pattern: Simple 2-Ingredient | Flavor Profile: Fizzy | Flavor Profile: Refreshing | Strength: Sessionable","",Built,"Long Drink | Simple 2-Ingredient","","Fizzy | Refreshing","","",Sessionable,""
202,"Hanky Panky",cocktail_recipe_book::hanky_panky,Yes,No,"Cocktail Recipe Book","",Classic,"Herbal and Spirit-Forward","Build Method: Stirred | Build Pattern: Served Up | Build Pattern: Short Drink | Build Pattern: Spirit-Forward | Flavor Profile: Bitter | Strength: Spirit-Forward","",Stirred,"Served Up | Short Drink | Spirit-Forward","",Bitter,"","",Spirit-Forward,""
123,"Harvey Wallbanger",cocktail_recipe_book::harvey_wallbanger,Yes,No,"Cocktail Recipe Book","",Modern,"Fruity and Sweet","","","","","","","","","",""
68,"Hebridean Shores",cocktail_recipe_book::hebridean_shores,Yes,No,"Cocktail Recipe Book","",Modern,"Fruity and Citrusy","","","","","","","","","",""
223,"Hibiscus-Lemongrass Iced Tea Cooler",ultimate_bar_book_the_comprehensive_guid::hibiscus_lemongrass_iced_tea_cooler,Yes,No,"Ultimate Bar Book: the Comprehensive Guide","","","","Build Pattern: Long Drink | Cocktail Family: Cooler","","","Long Drink",Cooler,"","","","",""
224,"Highland Bloom",user_added::highland_bloom,Yes,No,"User Added","",Modern,"","","","","","","","","","",""
69,"Highland Fling",cocktail_recipe_book::highland_fling,Yes,No,"Cocktail Recipe Book","",Vintage,"Strong and Smoky","","","","","","","","","",""
70,Hobnail,cocktail_recipe_book::hobnail,Yes,No,"Cocktail Recipe Book","",Modern,"Spicy and Bitter","","","","","","","","","",""
225,"Hot Apple Cider",cocktail_recipe_book::hot_apple_cider,Yes,No,"Cocktail Recipe Book","",Modern,"","Build Pattern: Hot Cocktail | Flavor Profile: Warming | Mood: Cozy | Occasion: Winter","","","Hot Cocktail","",Warming,Cozy,Winter,"",""
58,"Hot Toddy",cocktail_recipe_book::hot_toddy,Yes,Yes,"Cocktail Recipe Book","",Classic,"Warm and Soothing","Build Pattern: Hot Cocktail | Flavor Profile: Warming | Mood: Cozy | Occasion: Winter","","","Hot Cocktail","",Warming,Cozy,Winter,"",""
226,"Iced Mocha Java",ultimate_bar_book_the_comprehensive_guid::iced_mocha_java,Yes,No,"Ultimate Bar Book: the Comprehensive Guide","","","","","","","","","","","","",""
227,Jill-in-the-Box,ultimate_bar_book_the_comprehensive_guid::jill_in_the_box,Yes,No,"Ultimate Bar Book: the Comprehensive Guide","","","","","","","","","","","","",""
95,"Jungle Bird",cocktail_recipe_book::jungle_bird,Yes,No,"Cocktail Recipe Book","",Modern,"Tart and Fruity","Build Method: Shaken | Build Pattern: Complex Spec | Build Pattern: Simple 4-Ingredient | Build Pattern: Tiki Multi-Ingredient | Flavor Profile: Bitter | Flavor Profile: Tropical","",Shaken,"Complex Spec | Simple 4-Ingredient | Tiki Multi-Ingredient","","Bitter | Tropical","","","",""
124,Kamikaze,cocktail_recipe_book::kamikaze,Yes,No,"Cocktail Recipe Book","",Modern,"Dry and Citrusy","Build Method: Shaken | Flavor Profile: Citrusy","",Shaken,"","",Citrusy,"","","",""
59,"Kentucky Buck (by Eric Castro)",cocktail_recipe_book::kentucky_buck_by_eric_castro,Yes,No,"Cocktail Recipe Book","",Modern,"Fruity and Spicy","Build Pattern: Long Drink | Build Pattern: Simple 3-Ingredient | Build Pattern: Spirit + Citrus + Sweet | Cocktail Family: Buck | Flavor Profile: Spicy","","","Long Drink | Simple 3-Ingredient | Spirit + Citrus + Sweet",Buck,Spicy,"","","",""
186,"Kir Royale",cocktail_recipe_book::kir_royale,Yes,No,"Cocktail Recipe Book","",Classic,"Fruity and Refined","Build Method: Built | Mood: Brunchy | Occasion: Brunch | Strength: Low-ABV","",Built,"","","",Brunchy,Brunch,Low-ABV,""
9,"Last Word",cocktail_recipe_book::last_word,Yes,No,"Cocktail Recipe Book","",Classic,"Tart and Herbal","Build Method: Shaken | Build Pattern: Equal Parts | Build Pattern: Served Up | Build Pattern: Simple 4-Ingredient | Cocktail Family: Sour | Flavor Profile: Citrusy","",Shaken,"Equal Parts | Served Up | Simple 4-Ingredient",Sour,Citrusy,"","","",""
10,"Left Bank Martini (by Simon Difford)",cocktail_recipe_book::left_bank_martini_by_simon_difford,Yes,No,"Cocktail Recipe Book","",Modern,"Dry and Herbal","Build Method: Stirred | Build Pattern: Short Drink | Build Pattern: Spirit-Forward","",Stirred,"Short Drink | Spirit-Forward","","","","","",""
228,"Lemon Berry Ambrosia",ultimate_bar_book_the_comprehensive_guid::lemon_berry_ambrosia,Yes,No,"Ultimate Bar Book: the Comprehensive Guide","","","","","","","","","","","","",""
125,"Lemon Drop",cocktail_recipe_book::lemon_drop,Yes,No,"Cocktail Recipe Book","",Modern,"Citrusy and Refreshing","Build Method: Shaken | Flavor Profile: Citrusy","",Shaken,"","",Citrusy,"","","",""
229,Lemonade,ultimate_bar_book_the_comprehensive_guid::lemonade,Yes,No,"Ultimate Bar Book: the Comprehensive Guide","","","","Build Method: Built | Strength: Low-ABV","",Built,"","","","","",Low-ABV,""
126,"Long Island Iced Tea",cocktail_recipe_book::long_island_iced_tea,Yes,No,"Cocktail Recipe Book","",Modern,"Strong and Sweet","Build Method: Built | Build Pattern: Complex Spec | Build Pattern: Long Drink | Strength: High-Octane","",Built,"Complex Spec | Long Drink","","","","",High-Octane,""
11,Lorraine,cocktail_recipe_book::lorraine,Yes,No,"Cocktail Recipe Book","",Vintage,"Citrusy and Sweet","Build Method: Stirred | Build Pattern: Short Drink | Build Pattern: Spirit-Forward","",Stirred,"Short Drink | Spirit-Forward","","","","","",""
34,"Lynchburg Lemonade",cocktail_recipe_book::lynchburg_lemonade,Yes,No,"Cocktail Recipe Book","",Modern,"Light and Refreshing","Build Pattern: Long Drink","","","Long Drink","","","","","",""
96,"Mai Tai",cocktail_recipe_book::mai_tai,Yes,No,"Cocktail Recipe Book","",Vintage,"Light and Minty","Build Method: Shaken | Build Pattern: Complex Spec | Build Pattern: Over Crushed Ice | Build Pattern: Simple 4-Ingredient | Build Pattern: Tiki Multi-Ingredient | Flavor Profile: Tropical | Mood: Poolside | Occasion: Summer","",Shaken,"Complex Spec | Over Crushed Ice | Simple 4-Ingredient | Tiki Multi-Ingredient","",Tropical,Poolside,Summer,"",""
72,"Mamie Taylor",cocktail_recipe_book::mamie_taylor,Yes,No,"Cocktail Recipe Book","",Modern,"Citrusy and Refreshing","Build Method: Built | Cocktail Family: Buck","",Built,"",Buck,"","","","",""
230,"Mango Tango",ultimate_bar_book_the_comprehensive_guid::mango_tango,Yes,No,"Ultimate Bar Book: the Comprehensive Guide","","","","","","","","","","","","",""
35,Manhattan,cocktail_recipe_book::manhattan,Yes,Yes,"Cocktail Recipe Book","",Classic,"Dry and Citrusy","Build Method: Stirred | Build Pattern: Served Up | Build Pattern: Short Drink | Build Pattern: Simple 3-Ingredient | Build Pattern: Spirit-Forward | Flavor Profile: Bitter | Mood: Sophisticated | Strength: Spirit-Forward","",Stirred,"Served Up | Short Drink | Simple 3-Ingredient | Spirit-Forward","",Bitter,Sophisticated,"",Spirit-Forward,""
139,Margarita,cocktail_recipe_book::margarita,Yes,Yes,"Cocktail Recipe Book","",Classic,"Citrusy and Refreshing","Build Method: Shaken | Build Pattern: Simple 3-Ingredient | Build Pattern: Spirit + Citrus + Sweet | Cocktail Family: Sour | Flavor Profile: Citrusy | Mood: Playful","",Shaken,"Simple 3-Ingredient | Spirit + Citrus + Sweet",Sour,Citrusy,Playful,"","",""
140,"Margarita (Blended)",cocktail_recipe_book::margarita_blended,Yes,No,"Cocktail Recipe Book","","","","Build Method: Blended | Build Pattern: Frozen Cocktail","",Blended,"Frozen Cocktail","","","","","",""
12,Martini,cocktail_recipe_book::martini,Yes,Yes,"Cocktail Recipe Book","",Classic,"Dry and Spirit-forward","Build Method: Stirred | Build Pattern: Served Up | Build Pattern: Short Drink | Build Pattern: Simple 3-Ingredient | Build Pattern: Spirit-Forward | Flavor Profile: Bitter | Mood: Sophisticated | Strength: High-Octane | Strength: Spirit-Forward","",Stirred,"Served Up | Short Drink | Simple 3-Ingredient | Spirit-Forward","",Bitter,Sophisticated,"","High-Octane | Spirit-Forward",""
97,"Mary Pickford",cocktail_recipe_book::mary_pickford,Yes,No,"Cocktail Recipe Book","",Classic,"Sweet and Citrusy","Flavor Profile: Tropical","","","","",Tropical,"","","",""
142,Matador,cocktail_recipe_book::matador,Yes,No,"Cocktail Recipe Book","",Modern,"Fruity and Refreshing","","","","","","","","","",""
36,"McKinley's Delight",cocktail_recipe_book::mckinleys_delight,Yes,No,"Cocktail Recipe Book","",Classic,"Sweet and Spirit-Forward","","","","","","","","","",""
143,Mexican,cocktail_recipe_book::mexican,Yes,No,"Cocktail Recipe Book","",Modern,"Light and Refreshing","","","","","","","","","",""
144,"Mexican Mule",cocktail_recipe_book::mexican_mule,Yes,No,"Cocktail Recipe Book","",Modern,"Spicy and Sweet","Build Method: Built | Build Pattern: Long Drink | Build Pattern: Simple 3-Ingredient | Build Pattern: Spirit + Citrus + Sweet | Cocktail Family: Buck | Flavor Profile: Fizzy | Flavor Profile: Refreshing | Flavor Profile: Spicy","",Built,"Long Drink | Simple 3-Ingredient | Spirit + Citrus + Sweet",Buck,"Fizzy | Refreshing | Spicy","","","",""
231,"Mexicocoa Eggnog",ultimate_bar_book_the_comprehensive_guid::mexicocoa_eggnog,Yes,No,"Ultimate Bar Book: the Comprehensive Guide","","","","Flavor Profile: Creamy | Mood: Cozy | Occasion: Winter | Texture: Creamy","","","","",Creamy,Cozy,Winter,"",Creamy
232,"Midnight Oreo Cocktail",user_added::midnight_oreo_cocktail,Yes,No,"User Added",Coupe,Modern,"","","","","","","","","","",""
233,"Midnight Reverie",user_added::midnight_reverie,Yes,No,"User Added","",Modern,"","Build Method: Shaken","",Shaken,"","","","","","",""
60,"Milk Punch",cocktail_recipe_book::milk_punch,Yes,No,"Cocktail Recipe Book","",Classic,"Smooth and Sweet","Flavor Profile: Creamy | Mood: Cozy | Occasion: Winter | Texture: Creamy","","","","",Creamy,Cozy,Winter,"",Creamy
61,Millionaire,cocktail_recipe_book::millionaire,Yes,No,"Cocktail Recipe Book","",Classic,"Fruity and Sweet","Build Method: Stirred | Build Pattern: Egg White / Foam | Build Pattern: Short Drink | Build Pattern: Simple 4-Ingredient | Texture: Frothy","",Stirred,"Egg White / Foam | Short Drink | Simple 4-Ingredient","","","","","",Frothy
187,Mimosa,cocktail_recipe_book::mimosa,Yes,Yes,"Cocktail Recipe Book","",Classic,"Fruity and Sweet","Build Method: Built | Build Method: Shaken | Build Pattern: Long Drink | Build Pattern: Simple 3-Ingredient | Build Pattern: Topped With Soda | Flavor Profile: Fizzy | Flavor Profile: Refreshing | Mood: Brunchy | Mood: Playful | Occasion: Brunch | Strength: Low-ABV | Strength: Sessionable","","Built | Shaken","Long Drink | Simple 3-Ingredient | Topped With Soda","","Fizzy | Refreshing","Brunchy | Playful",Brunch,"Low-ABV | Sessionable",""
62,"Mint Julep",cocktail_recipe_book::mint_julep,Yes,Yes,"Cocktail Recipe Book","",Classic,"Sweet and Spirit-forward","Build Method: Muddled | Build Pattern: Over Crushed Ice | Cocktail Family: Julep","",Muddled,"Over Crushed Ice",Julep,"","","","",""
98,"Missionary's Downfall",cocktail_recipe_book::missionarys_downfall,Yes,No,"Cocktail Recipe Book","",Classic,"Balanced and Refreshing","Build Pattern: Complex Spec | Build Pattern: Over Crushed Ice | Build Pattern: Tiki Multi-Ingredient | Flavor Profile: Tropical","","","Complex Spec | Over Crushed Ice | Tiki Multi-Ingredient","",Tropical,"","","",""
99,Mojito,cocktail_recipe_book::mojito,Yes,Yes,"Cocktail Recipe Book","","","Light and Refreshing","Build Method: Muddled | Build Pattern: Long Drink | Build Pattern: Spirit + Citrus + Sweet | Flavor Profile: Refreshing | Mood: Poolside | Occasion: Summer | Strength: Sessionable","",Muddled,"Long Drink | Spirit + Citrus + Sweet","",Refreshing,Poolside,Summer,Sessionable,""
253,"Monte Carlo",user_added::monte_carlo,Yes,No,"User Added",Coupe,"","","Build Method: Stirred | Build Pattern: Served Up | Build Pattern: Short Drink | Build Pattern: Spirit-Forward | Strength: Spirit-Forward","",Stirred,"Served Up | Short Drink | Spirit-Forward","","","","",Spirit-Forward,""
74,"Morning Glory Fizz",cocktail_recipe_book::morning_glory_fizz,Yes,No,"Cocktail Recipe Book","",Classic,"Sweet and Aromatic","Build Method: Built | Build Pattern: Topped With Soda | Cocktail Family: Fizz","",Built,"Topped With Soda",Fizz,"","","","",""
127,"Moscow Mule",cocktail_recipe_book::moscow_mule,Yes,Yes,"Cocktail Recipe Book","",Vintage,"Sweet and Spicy","Build Method: Built | Build Pattern: Long Drink | Build Pattern: Simple 3-Ingredient | Build Pattern: Spirit + Citrus + Sweet | Cocktail Family: Buck | Flavor Profile: Fizzy | Flavor Profile: Refreshing | Flavor Profile: Spicy","",Built,"Long Drink | Simple 3-Ingredient | Spirit + Citrus + Sweet",Buck,"Fizzy | Refreshing | Spicy","","","",""
128,Mudslide,cocktail_recipe_book::mudslide,Yes,No,"Cocktail Recipe Book","",Modern,"Sweet and Creamy","Flavor Profile: Creamy | Texture: Creamy","","","","",Creamy,"","","",Creamy
13,Negroni,cocktail_recipe_book::negroni,Yes,Yes,"Cocktail Recipe Book","",Classic,"Bitter and Dry","Build Method: Stirred | Build Pattern: Equal Parts | Build Pattern: Served Up | Build Pattern: Short Drink | Build Pattern: Simple 3-Ingredient | Build Pattern: Spirit-Forward | Flavor Profile: Bitter | Mood: Sophisticated | Occasion: Aperitif | Strength: Spirit-Forward","",Stirred,"Equal Parts | Served Up | Short Drink | Simple 3-Ingredient | Spirit-Forward","",Bitter,Sophisticated,Aperitif,Spirit-Forward,""
63,"New York Flip",cocktail_recipe_book::new_york_flip,Yes,No,"Cocktail Recipe Book","",Classic,"Smooth and Light","Build Pattern: Egg White / Foam | Cocktail Family: Flip | Texture: Frothy","","","Egg White / Foam",Flip,"","","","",Frothy
37,"New York Sour",cocktail_recipe_book::new_york_sour,Yes,No,"Cocktail Recipe Book","",Modern,"Smooth and Sweet","Build Method: Shaken | Build Pattern: Simple 4-Ingredient | Build Pattern: Spirit + Citrus + Sweet | Cocktail Family: Sour | Flavor Profile: Sour","",Shaken,"Simple 4-Ingredient | Spirit + Citrus + Sweet",Sour,Sour,"","","",""
100,"Old Cuban (by Audrey Saunders)",cocktail_recipe_book::old_cuban_by_audrey_saunders,Yes,No,"Cocktail Recipe Book","",Modern,"Bubbly and Minty","Build Method: Shaken | Build Pattern: Long Drink | Build Pattern: Spirit + Citrus + Sweet | Build Pattern: Topped With Soda | Cocktail Family: Fizz","",Shaken,"Long Drink | Spirit + Citrus + Sweet | Topped With Soda",Fizz,"","","","",""
64,"Old Fashioned",cocktail_recipe_book::old_fashioned,Yes,Yes,"Cocktail Recipe Book","",Classic,"Robust and Citrusy","Build Method: Stirred | Build Pattern: Served Up | Build Pattern: Short Drink | Build Pattern: Simple 3-Ingredient | Build Pattern: Spirit-Forward | Flavor Profile: Bitter | Flavor Profile: Warming | Strength: Spirit-Forward","",Stirred,"Served Up | Short Drink | Simple 3-Ingredient | Spirit-Forward","","Bitter | Warming","","",Spirit-Forward,""
173,Olympic,cocktail_recipe_book::olympic,Yes,No,"Cocktail Recipe Book","",Classic,"Citrusy and Sweet","Build Method: Stirred | Build Pattern: Short Drink","",Stirred,"Short Drink","","","","","",""
234,Orangeade,ultimate_bar_book_the_comprehensive_guid::orangeade,Yes,No,"Ultimate Bar Book: the Comprehensive Guide","","","","Build Method: Built | Strength: Low-ABV","",Built,"","","","","",Low-ABV,""
203,Oriental,cocktail_recipe_book::oriental,Yes,No,"Cocktail Recipe Book","",Classic,"Dry and Citrusy","Build Method: Stirred | Build Pattern: Served Up | Build Pattern: Short Drink | Build Pattern: Spirit-Forward","",Stirred,"Served Up | Short Drink | Spirit-Forward","","","","","",""
101,Painkiller,cocktail_recipe_book::painkiller,Yes,No,"Cocktail Recipe Book","","","Fruity and Sweet","Build Pattern: Complex Spec | Build Pattern: Tiki Multi-Ingredient | Flavor Profile: Creamy | Flavor Profile: Tropical | Mood: Poolside | Occasion: Summer | Texture: Creamy","","","Complex Spec | Tiki Multi-Ingredient","","Creamy | Tropical",Poolside,Summer,"",Creamy
145,Paloma,cocktail_recipe_book::paloma,Yes,Yes,"Cocktail Recipe Book","",Classic,"Sweet and Tart","Build Method: Built | Build Method: Shaken | Build Pattern: Long Drink | Build Pattern: Simple 3-Ingredient | Build Pattern: Spirit + Citrus + Sweet | Flavor Profile: Citrusy | Flavor Profile: Refreshing | Mood: Poolside | Occasion: Summer | Strength: Sessionable","","Built | Shaken","Long Drink | Simple 3-Ingredient | Spirit + Citrus + Sweet","","Citrusy | Refreshing",Poolside,Summer,Sessionable,""
235,"Papaya Banana Restorative",ultimate_bar_book_the_comprehensive_guid::papaya_banana_restorative,Yes,No,"Ultimate Bar Book: the Comprehensive Guide","","","","","","","","","","","","",""
236,"Paper Plane",user_added::paper_plane,Yes,No,"User Added",Coupe,Modern,"","Build Method: Shaken | Build Pattern: Equal Parts | Build Pattern: Served Up | Build Pattern: Simple 4-Ingredient | Cocktail Family: Sour | Flavor Profile: Bitter","",Shaken,"Equal Parts | Served Up | Simple 4-Ingredient",Sour,Bitter,"","","",""
14,Paradise,cocktail_recipe_book::paradise,Yes,No,"Cocktail Recipe Book","",Classic,"Citrusy and Complex","Build Method: Shaken","",Shaken,"","","","","","",""
237,"Paradise Cooler",ultimate_bar_book_the_comprehensive_guid::paradise_cooler,Yes,No,"Ultimate Bar Book: the Comprehensive Guide","","","","Build Pattern: Long Drink | Cocktail Family: Cooler","","","Long Drink",Cooler,"","","","",""
15,"Pegu Club",cocktail_recipe_book::pegu_club,Yes,No,"Cocktail Recipe Book","",Classic,"Tart and Spirit-Forward","Build Method: Shaken | Build Pattern: Served Up | Build Pattern: Simple 4-Ingredient | Build Pattern: Spirit + Citrus + Sweet | Cocktail Family: Sour | Flavor Profile: Citrusy","",Shaken,"Served Up | Simple 4-Ingredient | Spirit + Citrus + Sweet",Sour,Citrusy,"","","",""
75,Penicillin,cocktail_recipe_book::penicillin,Yes,Yes,"Cocktail Recipe Book","",Modern,"Smoky and Spicy","Build Method: Shaken | Build Pattern: Spirit + Citrus + Sweet | Cocktail Family: Sour | Flavor Profile: Spicy | Flavor Profile: Warming","",Shaken,"Spirit + Citrus + Sweet",Sour,"Spicy | Warming","","","",""
238,"Pink Grapefruit",ultimate_bar_book_the_comprehensive_guid::pink_grapefruit,Yes,No,"Ultimate Bar Book: the Comprehensive Guide","","","","","","","","","","","","",""
102,"Piña Colada","cocktail_recipe_book::piña_colada",Yes,No,"Cocktail Recipe Book","","","Smooth and Fruity","Build Pattern: Tiki Multi-Ingredient | Flavor Profile: Creamy | Flavor Profile: Tropical | Mood: Playful | Mood: Poolside | Occasion: Summer | Texture: Creamy","","","Tiki Multi-Ingredient","","Creamy | Tropical","Playful | Poolside",Summer,"",Creamy
103,"Piña Colada (Blended)","cocktail_recipe_book::piña_colada_blended",Yes,No,"Cocktail Recipe Book","","","","Build Method: Blended | Build Pattern: Frozen Cocktail","",Blended,"Frozen Cocktail","","","","","",""
241,"Piña Un-Colada",ultimate_bar_book_the_comprehensive_guid::pi_a_un_colada,Yes,No,"Ultimate Bar Book: the Comprehensive Guide","","","","Strength: Low-ABV","","","","","","","",Low-ABV,""
104,"Planter's Punch",cocktail_recipe_book::planters_punch,Yes,No,"Cocktail Recipe Book","","","Sweet and Spicy","Build Pattern: Complex Spec | Build Pattern: Tiki Multi-Ingredient | Flavor Profile: Tropical","","","Complex Spec | Tiki Multi-Ingredient","",Tropical,"","","",""
242,"Plum Mango Lassi",ultimate_bar_book_the_comprehensive_guid::plum_mango_lassi,Yes,No,"Ultimate Bar Book: the Comprehensive Guide","","","","Build Method: Blended | Build Pattern: Frozen Cocktail | Flavor Profile: Creamy | Texture: Creamy","",Blended,"Frozen Cocktail","",Creamy,"","","",Creamy
188,"Ponce de Leon",cocktail_recipe_book::ponce_de_leon,Yes,No,"Cocktail Recipe Book","",Classic,"Balanced and Bubbly","","","","","","","","","",""
76,Presbyterian,cocktail_recipe_book::presbyterian,Yes,No,"Cocktail Recipe Book","",Classic,"Subtle and Spicy","Build Method: Built | Build Pattern: Long Drink | Strength: Sessionable","",Built,"Long Drink","","","","",Sessionable,""
77,"Purple Heather",cocktail_recipe_book::purple_heather,Yes,No,"Cocktail Recipe Book","",Modern,"Sweet and Simple","","","","","","","","","",""
243,"Raspberry Pamplemousse Cocktail",ultimate_bar_book_the_comprehensive_guid::raspberry_pamplemousse_cocktail,Yes,No,"Ultimate Bar Book: the Comprehensive Guide","","","","","","","","","","","","",""
204,"Red Hook (by Enzo Enrico)",cocktail_recipe_book::red_hook_by_enzo_enrico,Yes,No,"Cocktail Recipe Book","",Modern,"Tart and Spirit-forward","Build Method: Stirred | Build Pattern: Served Up | Build Pattern: Short Drink | Build Pattern: Spirit-Forward | Strength: Spirit-Forward","",Stirred,"Served Up | Short Drink | Spirit-Forward","","","","",Spirit-Forward,""
174,Renaissance,cocktail_recipe_book::renaissance,Yes,No,"Cocktail Recipe Book","",Modern,"Citrusy and Complex","","","","","","","","","",""
78,"Rob Roy",cocktail_recipe_book::rob_roy,Yes,No,"Cocktail Recipe Book","",Classic,"Strong and Spirit-forward","Build Method: Stirred | Build Pattern: Served Up | Build Pattern: Short Drink | Build Pattern: Simple 3-Ingredient | Build Pattern: Spirit-Forward | Flavor Profile: Bitter | Mood: Sophisticated | Strength: Spirit-Forward","",Stirred,"Served Up | Short Drink | Simple 3-Ingredient | Spirit-Forward","",Bitter,Sophisticated,"",Spirit-Forward,""
205,"Rock n' Rye",cocktail_recipe_book::rock_n_rye,Yes,No,"Cocktail Recipe Book","",Modern,"Sweet and Citrusy","","","","","","","","","",""
146,Rosita,cocktail_recipe_book::rosita,Yes,No,"Cocktail Recipe Book","",Modern,"Dry and Bitter","Build Method: Stirred | Build Pattern: Served Up | Build Pattern: Short Drink | Build Pattern: Spirit-Forward | Flavor Profile: Bitter | Strength: Spirit-Forward","",Stirred,"Served Up | Short Drink | Spirit-Forward","",Bitter,"","",Spirit-Forward,""
244,"Roy Rogers",ultimate_bar_book_the_comprehensive_guid::roy_rogers,Yes,No,"Ultimate Bar Book: the Comprehensive Guide","","","","Build Method: Built | Build Pattern: Long Drink | Build Pattern: Topped With Soda | Flavor Profile: Fizzy | Strength: Low-ABV | Strength: Sessionable","",Built,"Long Drink | Topped With Soda","",Fizzy,"","","Low-ABV | Sessionable",""
189,"Royal Mojito",cocktail_recipe_book::royal_mojito,Yes,No,"Cocktail Recipe Book","",Modern,"Minty and Refreshing","Build Method: Muddled","",Muddled,"","","","","","",""
147,"Rude Cosmopolitan",cocktail_recipe_book::rude_cosmopolitan,Yes,No,"Cocktail Recipe Book","",Modern,"Fruity and Sweet","","","","","","","","","",""
105,"Rum Caipirinha",cocktail_recipe_book::rum_caipirinha,Yes,No,"Cocktail Recipe Book","",Classic,"Citrusy and Spirit-forward","Build Method: Muddled","",Muddled,"","","","","","",""
106,"Rum Dum",cocktail_recipe_book::rum_dum,Yes,No,"Cocktail Recipe Book","",Vintage,"Sweet and Refreshing","","","","","","","","","",""
107,"Rum Punch",cocktail_recipe_book::rum_punch,Yes,No,"Cocktail Recipe Book","","","Fruity and Sweet","","","","","","","","","",""
108,"Rum Runner",cocktail_recipe_book::rum_runner,Yes,No,"Cocktail Recipe Book","","","Sweet and Citrusy","Build Pattern: Complex Spec | Build Pattern: Tiki Multi-Ingredient | Flavor Profile: Tropical","","","Complex Spec | Tiki Multi-Ingredient","",Tropical,"","","",""
109,"Rum Swizzle",cocktail_recipe_book::rum_swizzle,Yes,No,"Cocktail Recipe Book","","","Sweet and Citrusy","Build Method: Swizzled | Build Pattern: Over Crushed Ice | Cocktail Family: Swizzle","",Swizzled,"Over Crushed Ice",Swizzle,"","","","",""
79,"Rusty Compass",cocktail_recipe_book::rusty_compass,Yes,No,"Cocktail Recipe Book","",Modern,"Sweet and Spirit-forward","","","","","","","","","",""
80,"Rusty Nail",cocktail_recipe_book::rusty_nail,Yes,No,"Cocktail Recipe Book","",Classic,"Bitter and Spirit-forward","Build Method: Stirred | Build Pattern: Served Up | Build Pattern: Short Drink | Build Pattern: Simple 2-Ingredient | Build Pattern: Spirit-Forward | Flavor Profile: Warming | Strength: Spirit-Forward","",Stirred,"Served Up | Short Drink | Simple 2-Ingredient | Spirit-Forward","",Warming,"","",Spirit-Forward,""
206,"Rye and Pomegranate Punch",cocktail_recipe_book::rye_and_pomegranate_punch,Yes,No,"Cocktail Recipe Book","",Modern,"Fruity and Sweet","","","","","","","","","",""
190,"Sandeman Sparkler",cocktail_recipe_book::sandeman_sparkler,Yes,No,"Cocktail Recipe Book","",Modern,"Bubbly and Sweet","","","","","","","","","",""
38,"Saratoga Cocktail #1",cocktail_recipe_book::saratoga_cocktail_#1,Yes,No,"Cocktail Recipe Book","",Vintage,"Bitter and Spirit-forward","","","","","","","","","",""
39,Sazerac,cocktail_recipe_book::sazerac,Yes,Yes,"Cocktail Recipe Book","",Classic,"Dry and Spirit-forward","Build Method: Stirred | Build Pattern: Served Up | Build Pattern: Short Drink | Build Pattern: Simple 3-Ingredient | Build Pattern: Spirit-Forward | Flavor Profile: Bitter | Mood: Sophisticated | Strength: High-Octane | Strength: Spirit-Forward","",Stirred,"Served Up | Short Drink | Simple 3-Ingredient | Spirit-Forward","",Bitter,Sophisticated,"","High-Octane | Spirit-Forward",""
65,Scofflaw,cocktail_recipe_book::scofflaw,Yes,No,"Cocktail Recipe Book","",Classic,"Sweet and Spirit-forward","","","","","","","","","",""
81,"Scotch Old-Fashioned",cocktail_recipe_book::scotch_old_fashioned,Yes,No,"Cocktail Recipe Book","",Classic,"Simple and Strong","Build Method: Stirred | Build Pattern: Served Up | Build Pattern: Short Drink | Build Pattern: Simple 3-Ingredient | Build Pattern: Spirit-Forward | Strength: Spirit-Forward","",Stirred,"Served Up | Short Drink | Simple 3-Ingredient | Spirit-Forward","","","","",Spirit-Forward,""
83,"Scotch Sour",cocktail_recipe_book::scotch_sour,Yes,No,"Cocktail Recipe Book","",Classic,"Sweet and Smooth","Build Method: Shaken | Build Pattern: Simple 3-Ingredient | Build Pattern: Spirit + Citrus + Sweet | Cocktail Family: Sour | Flavor Profile: Citrusy | Flavor Profile: Sour | Flavor Profile: Warming","",Shaken,"Simple 3-Ingredient | Spirit + Citrus + Sweet",Sour,"Citrusy | Sour | Warming","","","",""
82,"Scotch and Soda",cocktail_recipe_book::scotch_and_soda,Yes,No,"Cocktail Recipe Book","",Classic,"Simple and Smooth","Build Method: Built | Build Pattern: Long Drink | Build Pattern: Simple 2-Ingredient | Cocktail Family: Highball | Flavor Profile: Fizzy | Flavor Profile: Refreshing | Strength: Sessionable","",Built,"Long Drink | Simple 2-Ingredient",Highball,"Fizzy | Refreshing","","",Sessionable,""
129,Screwdriver,cocktail_recipe_book::screwdriver,Yes,No,"Cocktail Recipe Book","",Classic,"Sweet and Citrusy","Build Method: Built | Build Pattern: Long Drink | Build Pattern: Simple 2-Ingredient","",Built,"Long Drink | Simple 2-Ingredient","","","","","",""
130,"Sea Breeze",cocktail_recipe_book::sea_breeze,Yes,No,"Cocktail Recipe Book","",Modern,"Fruity and Refreshing","Build Method: Built | Build Pattern: Long Drink | Flavor Profile: Fizzy | Flavor Profile: Refreshing | Strength: Sessionable","",Built,"Long Drink","","Fizzy | Refreshing","","",Sessionable,""
131,"Sex on the Beach",cocktail_recipe_book::sex_on_the_beach,Yes,No,"Cocktail Recipe Book","",Modern,"Sweet and Fruity","Mood: Playful","","","","","",Playful,"","",""
40,"Sherman Cocktail",cocktail_recipe_book::sherman_cocktail,Yes,No,"Cocktail Recipe Book","",Modern,"Herbal and Spirit-forward","","","","","","","","","",""
246,"Shirley Temple",ultimate_bar_book_the_comprehensive_guid::shirley_temple,Yes,No,"Ultimate Bar Book: the Comprehensive Guide","","","","Build Method: Built | Build Pattern: Long Drink | Build Pattern: Topped With Soda | Flavor Profile: Fizzy | Strength: Low-ABV | Strength: Sessionable","",Built,"Long Drink | Topped With Soda","",Fizzy,"","","Low-ABV | Sessionable",""
175,Sidecar,cocktail_recipe_book::sidecar,Yes,No,"Cocktail Recipe Book","",Classic,"Tart and Complex","Build Method: Shaken | Build Pattern: Served Up | Build Pattern: Simple 3-Ingredient | Build Pattern: Spirit + Citrus + Sweet | Cocktail Family: Sour | Flavor Profile: Citrusy","",Shaken,"Served Up | Simple 3-Ingredient | Spirit + Citrus + Sweet",Sour,Citrusy,"","","",""
16,"Singapore Sling",cocktail_recipe_book::singapore_sling,Yes,No,"Cocktail Recipe Book","","","Fruity and Tart","Build Pattern: Complex Spec | Build Pattern: Long Drink | Cocktail Family: Sling","","","Complex Spec | Long Drink",Sling,"","","","",""
148,"Snow White",cocktail_recipe_book::snow_white,Yes,No,"Cocktail Recipe Book","",Modern,"Creamy and Decadent","","","","","","","","","",""
247,"South Carolina Sunset",user_added::south_carolina_sunset,Yes,No,"User Added","",Modern,"","","","","","","","","","",""
191,"Southside Royale",cocktail_recipe_book::southside_royale,Yes,No,"Cocktail Recipe Book","",Classic,"Citrusy and Sweet","","","","","","","","","",""
248,"Springtime Smoothie",ultimate_bar_book_the_comprehensive_guid::springtime_smoothie,Yes,No,"Ultimate Bar Book: the Comprehensive Guide","","","","Build Method: Blended | Build Pattern: Frozen Cocktail","",Blended,"Frozen Cocktail","","","","","",""
41,"Stone Fence",cocktail_recipe_book::stone_fence,Yes,No,"Cocktail Recipe Book","",Classic,"Dry and Lightly-spiced","","","","","","","","","",""
249,"Summer Cooler",ultimate_bar_book_the_comprehensive_guid::summer_cooler,Yes,No,"Ultimate Bar Book: the Comprehensive Guide","","","","Build Pattern: Long Drink | Cocktail Family: Cooler","","","Long Drink",Cooler,"","","","",""
149,"Tequila Lemonade",cocktail_recipe_book::tequila_lemonade,Yes,No,"Cocktail Recipe Book","",Modern,"Light and Refreshing","","","","","","","","","",""
150,"Tequila Mockingbird",cocktail_recipe_book::tequila_mockingbird,Yes,No,"Cocktail Recipe Book","",Modern,"Refreshing and Sweet","","","","","","","","","",""
151,"Tequila Smash",cocktail_recipe_book::tequila_smash,Yes,No,"Cocktail Recipe Book","",Vintage,"Minty and Spirit-forward","Build Method: Muddled | Cocktail Family: Smash","",Muddled,"",Smash,"","","","",""
152,"Tequila Sour",cocktail_recipe_book::tequila_sour,Yes,No,"Cocktail Recipe Book","",Classic,"Sweet and Citrusy","Build Method: Shaken | Build Pattern: Simple 3-Ingredient | Build Pattern: Spirit + Citrus + Sweet | Cocktail Family: Sour | Flavor Profile: Citrusy | Flavor Profile: Sour","",Shaken,"Simple 3-Ingredient | Spirit + Citrus + Sweet",Sour,"Citrusy | Sour","","","",""
153,"Tequila Sunrise",cocktail_recipe_book::tequila_sunrise,Yes,No,"Cocktail Recipe Book","",Vintage,"Fruity and Refreshing","","","","","","","","","",""
154,"Tequila Sunset",cocktail_recipe_book::tequila_sunset,Yes,No,"Cocktail Recipe Book","",Modern,"Sweet and Tart","","","","","","","","","",""
155,"Tequila Tonic",cocktail_recipe_book::tequila_tonic,Yes,No,"Cocktail Recipe Book","",Classic,"Light and Refreshing","Build Method: Built | Build Pattern: Long Drink | Strength: Sessionable","",Built,"Long Drink","","","","",Sessionable,""
33,"The Liberal",cocktail_recipe_book::the_liberal,Yes,No,"Cocktail Recipe Book","",Vintage,"Spicy and Citrusy","Build Method: Stirred | Build Pattern: Served Up | Build Pattern: Short Drink | Build Pattern: Spirit-Forward | Flavor Profile: Bitter | Strength: Spirit-Forward","",Stirred,"Served Up | Short Drink | Spirit-Forward","",Bitter,"","",Spirit-Forward,""
141,"The Marguerite",cocktail_recipe_book::the_marguerite,Yes,No,"Cocktail Recipe Book","",Classic,"Tart and Refreshing","Build Method: Shaken","",Shaken,"","","","","","",""
73,"The Modern",cocktail_recipe_book::the_modern,Yes,No,"Cocktail Recipe Book","",Classic,"Sweet and Spirit-forward","Build Method: Stirred | Build Pattern: Served Up | Build Pattern: Short Drink | Build Pattern: Spirit-Forward","",Stirred,"Served Up | Short Drink | Spirit-Forward","","","","","",""
71,"The Orkney Chapel (from Death and Company)",cocktail_recipe_book::the_orkney_chapel_from_death_and_company,Yes,No,"Cocktail Recipe Book","",Modern,"Complex and Spirit-forward","","","","","","","","","",""
17,"Third Degree",cocktail_recipe_book::third_degree,Yes,No,"Cocktail Recipe Book","",Modern,"Complex and Herbal","Build Method: Shaken","",Shaken,"","","","","","",""
18,"Tom Collins",cocktail_recipe_book::tom_collins,Yes,Yes,"Cocktail Recipe Book","",Classic,"Sweet and Sour","Build Method: Built | Build Pattern: Long Drink | Build Pattern: Simple 3-Ingredient | Build Pattern: Spirit + Citrus + Sweet | Build Pattern: Topped With Soda | Cocktail Family: Collins | Flavor Profile: Citrusy | Flavor Profile: Fizzy | Flavor Profile: Refreshing | Strength: Sessionable","",Built,"Long Drink | Simple 3-Ingredient | Spirit + Citrus + Sweet | Topped With Soda",Collins,"Citrusy | Fizzy | Refreshing","","",Sessionable,""
42,"Trinidad Sour",cocktail_recipe_book::trinidad_sour,Yes,No,"Cocktail Recipe Book","",Modern,"Bitter and Herbal","Build Pattern: Equal Parts | Build Pattern: Simple 4-Ingredient | Cocktail Family: Sour | Flavor Profile: Bitter | Flavor Profile: Sour | Strength: High-Octane | Strength: Spirit-Forward","","","Equal Parts | Simple 4-Ingredient",Sour,"Bitter | Sour","","","High-Octane | Spirit-Forward",""
110,"Tropical Escape",cocktail_recipe_book::tropical_escape,Yes,No,"Cocktail Recipe Book","","","Sweet and Refreshing","","","","","","","","","",""
192,Twinkle,cocktail_recipe_book::twinkle,Yes,No,"Cocktail Recipe Book","",Modern,"Refined and Citrusy","","","","","","","","","",""
193,"Twisted Sobriety",cocktail_recipe_book::twisted_sobriety,Yes,No,"Cocktail Recipe Book","",Modern,"Subtle and Bubbly","","","","","","","","","",""
194,Vavavoom,cocktail_recipe_book::vavavoom,Yes,No,"Cocktail Recipe Book","",Modern,"Subtle and Sweet","","","","","","","","","",""
19,Vesper,cocktail_recipe_book::vesper,Yes,No,"Cocktail Recipe Book","",Classic,"Dry and Herbal","Build Method: Stirred | Build Pattern: Equal Parts | Build Pattern: Served Up | Build Pattern: Short Drink | Build Pattern: Spirit-Forward | Strength: High-Octane | Strength: Spirit-Forward","",Stirred,"Equal Parts | Served Up | Short Drink | Spirit-Forward","","","","","High-Octane | Spirit-Forward",""
44,"Vieux Carré","cocktail_recipe_book::vieux_carré",Yes,Yes,"Cocktail Recipe Book","",Classic,"Smooth and Complex","Build Method: Stirred | Build Pattern: Served Up | Build Pattern: Short Drink | Build Pattern: Spirit-Forward | Flavor Profile: Bitter | Mood: Sophisticated | Strength: High-Octane | Strength: Spirit-Forward","",Stirred,"Served Up | Short Drink | Spirit-Forward","",Bitter,Sophisticated,"","High-Octane | Spirit-Forward",""
251,"Virgin Bite of the Iguana",ultimate_bar_book_the_comprehensive_guid::virgin_bite_of_the_iguana,Yes,No,"Ultimate Bar Book: the Comprehensive Guide","","","","Strength: Low-ABV","","","","","","","",Low-ABV,""
252,"Virgin Mary",ultimate_bar_book_the_comprehensive_guid::virgin_mary,Yes,No,"Ultimate Bar Book: the Comprehensive Guide","","","","Strength: Low-ABV","","","","","","","",Low-ABV,""
132,"Vodka Martini",cocktail_recipe_book::vodka_martini,Yes,Yes,"Cocktail Recipe Book","",Classic,"Dry and Spirit-forward","Build Method: Stirred | Build Pattern: Served Up | Build Pattern: Short Drink | Build Pattern: Spirit-Forward | Strength: High-Octane | Strength: Spirit-Forward","",Stirred,"Served Up | Short Drink | Spirit-Forward","","","","","High-Octane | Spirit-Forward",""
133,"Vodka Soda",cocktail_recipe_book::vodka_soda,Yes,No,"Cocktail Recipe Book","",Classic,"Bubbly and Dry","Build Method: Built | Build Pattern: Long Drink | Build Pattern: Simple 2-Ingredient | Cocktail Family: Highball | Flavor Profile: Fizzy | Flavor Profile: Refreshing | Strength: Sessionable","",Built,"Long Drink | Simple 2-Ingredient",Highball,"Fizzy | Refreshing","","",Sessionable,""
66,"Ward Eight",cocktail_recipe_book::ward_eight,Yes,No,"Cocktail Recipe Book","",Classic,"Sweet and Citrusy","Build Method: Shaken | Build Pattern: Spirit + Citrus + Sweet | Cocktail Family: Sour | Flavor Profile: Citrusy","",Shaken,"Spirit + Citrus + Sweet",Sour,Citrusy,"","","",""
43,"Whiskey Sour",cocktail_recipe_book::whiskey_sour,Yes,Yes,"Cocktail Recipe Book","",Classic,"Sweet and Sour","Build Method: Shaken | Build Pattern: Simple 3-Ingredient | Build Pattern: Spirit + Citrus + Sweet | Cocktail Family: Sour | Flavor Profile: Citrusy | Flavor Profile: Sour | Flavor Profile: Warming","",Shaken,"Simple 3-Ingredient | Spirit + Citrus + Sweet",Sour,"Citrusy | Sour | Warming","","","",""
20,"White Lady",cocktail_recipe_book::white_lady,Yes,No,"Cocktail Recipe Book","",Classic,"Sweet and Sour","Build Method: Shaken | Build Pattern: Served Up | Build Pattern: Simple 3-Ingredient | Build Pattern: Spirit + Citrus + Sweet | Cocktail Family: Sour | Flavor Profile: Citrusy","",Shaken,"Served Up | Simple 3-Ingredient | Spirit + Citrus + Sweet",Sour,Citrusy,"","","",""
45,"Witty Comeback",cocktail_recipe_book::witty_comeback,Yes,No,"Cocktail Recipe Book","",Modern,"Complex and Herbal","","","","","","","","","",""
111,Zombie,cocktail_recipe_book::zombie,Yes,No,"Cocktail Recipe Book","","","Strong and Sweet","Build Pattern: Complex Spec | Build Pattern: Over Crushed Ice | Build Pattern: Tiki Multi-Ingredient | Flavor Profile: Tropical | Strength: High-Octane","","","Complex Spec | Over Crushed Ice | Tiki Multi-Ingredient","",Tropical,"","",High-Octane,""
