"CocktailId","CocktailName","CanonicalKey","Source","GlassType","TimePeriod","LegacyFlavorProfile","Aesthetic","Build Method","Build Pattern","Cocktail Family","Flavor Profile","Mood","Occasion","Strength","Texture","NotesForReview"
"21","20th Century","cocktail_recipe_book::20th_century","Cocktail Recipe Book","","Classic","Simple and Sweet","","","","","","","","","",""
"156","A.B.C","cocktail_recipe_book::abc","Cocktail Recipe Book","","Vintage","Minty and Delicate","","","","Pousse-Cafe","","","","","",""
"177","Absolutely Fabulous","cocktail_recipe_book::absolutely_fabulous","Cocktail Recipe Book","","Modern","Sweet and Fruity","","","","","","","","","",""
"134","Acapulco","cocktail_recipe_book::acapulco","Cocktail Recipe Book","","Classic","Fruity and Sweet","","","","","","","","","",""
"112","Agent Orange","cocktail_recipe_book::agent_orange","Cocktail Recipe Book","","Modern","Citrusy and Sweet","","","","","","","","","",""
"176","Air Mail","cocktail_recipe_book::air_mail","Cocktail Recipe Book","","Classic","Bubbly and Sweet","","","","","","","","","",""
"113","Alexander the Great","cocktail_recipe_book::alexander_the_great","Cocktail Recipe Book","","Modern","Sweet and Smooth","","","","","","","","","",""
"22","Algonquin","cocktail_recipe_book::algonquin","Cocktail Recipe Book","","Vintage","Dry and Aromatic","","Stirred","Short Drink","","","","","","",""
"178","Aperol Spritz","cocktail_recipe_book::aperol_spritz","Cocktail Recipe Book","","Vintage","Herbal and Refreshing","Photogenic","Built","Long Drink | Simple 3-Ingredient | Topped With Soda","","Bitter | Fizzy | Refreshing","Poolside | Chill","Aperitif | Summer | Patio","Low-ABV | Sessionable","Effervescent",""
"23","Archibald's Last Memory","cocktail_recipe_book::archibalds_last_memory","Cocktail Recipe Book","","Classic","Bitter and Herbal","","","","","","","","","",""
"1","Army and Navy","cocktail_recipe_book::army_and_navy","Cocktail Recipe Book","","Classic","Citrusy and Dry","","Shaken","Simple 3-Ingredient | Spirit + Citrus + Sweet","Sour","Citrusy","","","","",""
"2","Aviation","cocktail_recipe_book::aviation","Cocktail Recipe Book","","Classic","Floral and Citrusy","Elegant","Shaken","Served Up | Simple 3-Ingredient | Spirit + Citrus + Sweet","Sour","Citrusy | Floral","","","Medium","Silky",""
"157","BBC","cocktail_recipe_book::bbc","Cocktail Recipe Book","","Vintage","Dry and Smooth","","","","","","","","","",""
"84","Bahama Mama","cocktail_recipe_book::bahama_mama","Cocktail Recipe Book","","","Fruity and Sweet","Tiki","","Complex Spec | Tiki Multi-Ingredient","","Tropical | Fruity","","","","",""
"24","Bee Sting","cocktail_recipe_book::bee_sting","Cocktail Recipe Book","","Modern","Spicy and Refreshing","","Shaken","","","","","","","",""
"3","Bee's Knees","cocktail_recipe_book::bees_knees","Cocktail Recipe Book","","Classic","Sweet and Citrusy","","Shaken","2:1:1 | Served Up | Simple 3-Ingredient | Spirit + Citrus + Sweet","Sour","Citrusy","","","Medium","",""
"46","Beelzebub","cocktail_recipe_book::beelzebub","Cocktail Recipe Book","","Modern","Bitter and Sweet","","","","","","","","","",""
"179","Bellini","cocktail_recipe_book::bellini","Cocktail Recipe Book","","Classic","Fruity and Sweet","Festive","Built","Long Drink | Simple 3-Ingredient | Topped With Soda","","Fizzy | Refreshing | Fruity","Brunchy | Playful | Celebratory","Brunch","Low-ABV | Sessionable","Effervescent",""
"114","Bernice","cocktail_recipe_book::bernice","Cocktail Recipe Book","","Modern","Dry and Citrusy","","","","","","","","","",""
"85","Between the Sheets","cocktail_recipe_book::between_the_sheets","Cocktail Recipe Book","","Classic","Citrusy and Spirit-forward","","","","","","","","","",""
"4","Bijou","cocktail_recipe_book::bijou","Cocktail Recipe Book","","Modern","Complex and Spirit-Forward","","Stirred","Served Up | Short Drink | Spirit-Forward","","Bitter | Herbal","","","Spirit-Forward","",""
"180","Black Magic","cocktail_recipe_book::black_magic","Cocktail Recipe Book","","Vintage","Dry and Bubbly","","","","","","","","","",""
"115","Black Russian","cocktail_recipe_book::black_russian","Cocktail Recipe Book","","Classic","Dry and Spirit-forward","","Stirred","Served Up | Short Drink | Simple 2-Ingredient | Spirit-Forward","","","","","Spirit-Forward","",""
"25","Black Spring","cocktail_recipe_book::black_spring","Cocktail Recipe Book","","Modern","Spicy and Complex","","","","","","","","","",""
"26","Blinker","cocktail_recipe_book::blinker","Cocktail Recipe Book","","Classic","Zesty and Tart","","","","","","","","","",""
"116","Bloody Mary","cocktail_recipe_book::bloody_mary","Cocktail Recipe Book","","Vintage","Spicy and Savory","","Rolled","","","Savory | Spicy","Brunchy","Brunch","","",""
"86","Blue Hawaiian","cocktail_recipe_book::blue_hawaiian","Cocktail Recipe Book","","","Fruity and Sweet","","","Complex Spec | Tiki Multi-Ingredient","","Tropical","","","","",""
"117","Blue Lagoon","cocktail_recipe_book::blue_lagoon","Cocktail Recipe Book","","Modern","Strong and Sweet","","","","","","","","","",""
"47","Boston Sour","cocktail_recipe_book::boston_sour","Cocktail Recipe Book","","Classic","Sweet and Smooth","","Dry Shake | Shaken","Egg White / Foam | Spirit + Citrus + Sweet","Sour","Sour","","","","Frothy",""
"27","Boulevardier","cocktail_recipe_book::boulevardier","Cocktail Recipe Book","","Classic","Bitter and Spirit-forward","","Stirred","Equal Parts | Served Up | Short Drink | Simple 3-Ingredient | Spirit-Forward","","Bitter","Sophisticated","Aperitif | Dinner Party","Spirit-Forward","",""
"48","Bourbon Alexander","cocktail_recipe_book::bourbon_alexander","Cocktail Recipe Book","","Classic","Sweet and Decadent","","Shaken","Simple 4-Ingredient","","Creamy","","","","Creamy",""
"49","Bourbon Cider","cocktail_recipe_book::bourbon_cider","Cocktail Recipe Book","","Modern","Sweet and Fruity","","","","","","","","","",""
"50","Bourbon Lift","cocktail_recipe_book::bourbon_lift","Cocktail Recipe Book","","Vintage","Sweet and Creamy","","","","","","","","","",""
"51","Bourbon Smash","cocktail_recipe_book::bourbon_smash","Cocktail Recipe Book","","Modern","Fruity and Refreshing","","Muddled","","Smash","","","","","",""
"195","Bramble","cocktail_recipe_book::bramble","Cocktail Recipe Book","","Vintage","Fruity and Citrusy","","Shaken","Over Crushed Ice | Spirit + Citrus + Sweet","Sour","","","","","Icy",""
"158","Brandy Alexander","cocktail_recipe_book::brandy_alexander","Cocktail Recipe Book","","Vintage","Rich and Spirit-forward","","Shaken","Simple 4-Ingredient","","Creamy | Coffee / Chocolate","","After Dinner","","Creamy",""
"159","Brandy Cobbler","cocktail_recipe_book::brandy_cobbler","Cocktail Recipe Book","","Vintage","Dry and Spirit-forward","","","","Cobbler","","","","","",""
"160","Brandy Cocktail","cocktail_recipe_book::brandy_cocktail","Cocktail Recipe Book","","Vintage","Subtle and Fresh","","","","","","","","","",""
"161","Brandy Fix","cocktail_recipe_book::brandy_fix","Cocktail Recipe Book","","Classic","Fruity and Tart","","","","","","","","","",""
"162","Brandy Milk Punch","cocktail_recipe_book::brandy_milk_punch","Cocktail Recipe Book","","Classic","Smooth and Rich","","","","Puff","","","After Dinner | Holiday","","",""
"163","Brandy Smash","cocktail_recipe_book::brandy_smash","Cocktail Recipe Book","","Classic","Minty and Sweet","","Muddled","","Smash","","","","","",""
"28","Brooklyn","cocktail_recipe_book::brooklyn","Cocktail Recipe Book","","Modern","Dry and Spirit-forward","","Stirred","Served Up | Short Drink | Spirit-Forward","","","","","Spirit-Forward","",""
"52","Brown Derby","cocktail_recipe_book::brown_derby","Cocktail Recipe Book","","Classic","Fruity and Tart","","Shaken","Spirit + Citrus + Sweet","Sour","","","","","",""
"87","Bumboo","cocktail_recipe_book::bumboo","Cocktail Recipe Book","","","Fruity and Spicy","","","","Sangaree","Fruity | Spicy","","","","",""
"118","Caesar","cocktail_recipe_book::caesar","Cocktail Recipe Book","","Vintage","Savory and Salty","","Rolled","","","Savory","Brunchy","Brunch","","",""
"135","Cantaritos","cocktail_recipe_book::cantaritos","Cocktail Recipe Book","","Modern","Citrusy and Sweet","","","","","","","","","",""
"119","Cape Codder","cocktail_recipe_book::cape_codder","Cocktail Recipe Book","","Modern","Sweet and Refreshing","","Built","Long Drink","","Fizzy | Refreshing","","","Sessionable","",""
"196","Casino","cocktail_recipe_book::casino","Cocktail Recipe Book","","Vintage","Dry and Spirit-forward","","Shaken","","","","","","","",""
"181","Champagne Cocktail","cocktail_recipe_book::champagne_cocktail","Cocktail Recipe Book","","Classic","Dry and Herbal","Elegant | Festive","","","","","Celebratory | Festive | Romantic","Date Night | Dinner Party | Holiday","","Effervescent",""
"182","Champino","cocktail_recipe_book::champino","Cocktail Recipe Book","","Vintage","Dry and Bittersweet","","","","","","","","","",""
"164","Champs Elysees","cocktail_recipe_book::champs_elysees","Cocktail Recipe Book","","Vintage","Dry and Citrusy","","","","","","","","","",""
"183","Chin Chin (by Tony Conigliaro)","cocktail_recipe_book::chin_chin_by_tony_conigliaro","Cocktail Recipe Book","","Modern","Sweet and Bubbly","","","","","","","","","",""
"165","Chrysanthemum","cocktail_recipe_book::chrysanthemum","Cocktail Recipe Book","","Classic","Dry and Herbal","","Stirred","Short Drink | Fortified Wine Forward","","Herbal","","","","",""
"166","Classic Cocktail","cocktail_recipe_book::classic_cocktail","Cocktail Recipe Book","","Classic","Citrusy and Sweet","","Blended | Stirred","Frozen Cocktail | Short Drink","","","","","","",""
"197","Clover Club","cocktail_recipe_book::clover_club","Cocktail Recipe Book","","Vintage","Sweet and Fruity","","Dry Shake | Shaken","Egg White / Foam | Simple 4-Ingredient","","Fruity","","","","Frothy",""
"198","Coco Chanel","cocktail_recipe_book::coco_chanel","Cocktail Recipe Book","","Classic","Sweet and Spirit Forward","","","","","","","","","",""
"167","Corpse Reviver","cocktail_recipe_book::corpse_reviver","Cocktail Recipe Book","","Classic","Strong and Dry","","Shaken","Simple 4-Ingredient","Sour","","","","","",""
"5","Corpse Reviver #2","cocktail_recipe_book::corpse_reviver_#2","Cocktail Recipe Book","","Classic","Tart and Spirit-forward","Dramatic","Shaken","Equal Parts | Served Up | Simple 4-Ingredient","Sour","Citrusy","Late-Night","","","",""
"120","Cosmopolitan","cocktail_recipe_book::cosmopolitan","Cocktail Recipe Book","","Modern","Citrusy and Sweet","Colorful","Shaken","Served Up | Simple 4-Ingredient","","","Playful | Flirty","","Medium","",""
"168","Crusta","cocktail_recipe_book::crusta","Cocktail Recipe Book","","Modern","Complex and Spirit-Forward","","","","Crusta","","","","","",""
"88","Cuba Libre","cocktail_recipe_book::cuba_libre","Cocktail Recipe Book","","Vintage","Sweet and Bubbly","","Built","Long Drink | Simple 3-Ingredient","","","","","Sessionable","",""
"89","Daiquiri","cocktail_recipe_book::daiquiri","Cocktail Recipe Book","","Classic","Tart and Citrusy","","Shaken","2:1:1 | Served Up | Simple 3-Ingredient | Spirit + Citrus + Sweet","Sour","Citrusy","","","Medium","",""
"90","Daiquiri (Blended)","cocktail_recipe_book::daiquiri_blended","Cocktail Recipe Book","","Modern","Sweet and Citrusy","","Blended","Frozen Cocktail","","","","","","",""
"91","Daiquiri (With Fruit)","cocktail_recipe_book::daiquiri_with_fruit","Cocktail Recipe Book","","Modern","","","Shaken","","","","","","","",""
"169","Daisy","cocktail_recipe_book::daisy","Cocktail Recipe Book","","Classic","Citrusy and Refreshing","","","","Daisy","Citrusy | Refreshing","","","","",""
"92","Dark and Stormy","cocktail_recipe_book::dark_and_stormy","Cocktail Recipe Book","","Modern","Spicy and Refreshing","","Built","Long Drink | Simple 3-Ingredient | Spirit + Citrus + Sweet","Buck","Fizzy | Refreshing","","","Sessionable","",""
"30","De La Louisiane #4","cocktail_recipe_book::de_la_louisiane_#4","Cocktail Recipe Book","","Classic","Sweet and Herbal","","Stirred","Served Up | Short Drink | Spirit-Forward","","Herbal | Sweet","","","Spirit-Forward","",""
"184","Death in the Afternoon","cocktail_recipe_book::death_in_the_afternoon","Cocktail Recipe Book","","Classic","Herbal and Complex","","","","","","","","","",""
"6","Derby","cocktail_recipe_book::derby","Cocktail Recipe Book","","Classic","Herbal and sweet","","","","","Herbal | Sweet","","","","",""
"29","Diamondback","cocktail_recipe_book::diamondback","Cocktail Recipe Book","","Vintage","Dry and Herbal","","Stirred","Served Up | Short Drink | Spirit-Forward","","","","","Spirit-Forward","",""
"53","Dixie Dew","cocktail_recipe_book::dixie_dew","Cocktail Recipe Book","","Modern","Minty and Complex","","","","","","","","","",""
"54","Eclipse","cocktail_recipe_book::eclipse","Cocktail Recipe Book","","Modern","Fruity and Refreshing","","","","","","","","","",""
"136","El Diablo","cocktail_recipe_book::el_diablo","Cocktail Recipe Book","","Modern","Spicy and Sweet","","Shaken","Long Drink | Simple 3-Ingredient | Spirit + Citrus + Sweet","Buck","Spicy","","","","",""
"93","El Floridita","cocktail_recipe_book::el_floridita","Cocktail Recipe Book","","","Sweet and Fruity","","","","","","","","","",""
"94","El Presidente","cocktail_recipe_book::el_presidente","Cocktail Recipe Book","","","Sweet and Fruity","","","","","","","","","",""
"171","Embassy Cocktail","cocktail_recipe_book::embassy_cocktail","Cocktail Recipe Book","","Classic","Bitter and Dry","","Stirred","Short Drink","","","","","","",""
"55","Enrico Palazzo","cocktail_recipe_book::enrico_palazzo","Cocktail Recipe Book","","Modern","Bittersweet and Complex","","","","","","","","","",""
"137","Estilo Viejo","cocktail_recipe_book::estilo_viejo","Cocktail Recipe Book","","Classic","Dry and Spirit-forward","","","","Mist","","","","","",""
"31","Falconi","cocktail_recipe_book::falconi","Cocktail Recipe Book","","Vintage","Herbal and Dry","","","","","Herbal","","","","",""
"56","Fancy Free","cocktail_recipe_book::fancy_free","Cocktail Recipe Book","","Classic","Fruity and Complex","","Stirred","Served Up | Short Drink | Spirit-Forward","","","","","Spirit-Forward","",""
"32","Final Ward","cocktail_recipe_book::final_ward","Cocktail Recipe Book","","Modern","Sweet and Citrusy","","Shaken","Equal Parts | Served Up | Simple 4-Ingredient","Sour","Citrusy","","","","",""
"138","Freddy Fudpucker","cocktail_recipe_book::freddy_fudpucker","Cocktail Recipe Book","","Modern","Sweet and Citrusy","","","","","","","","","",""
"185","French 75","cocktail_recipe_book::french_75","Cocktail Recipe Book","","Vintage","Bubbly and Sweet","Elegant | Festive","Built","Long Drink | Simple 3-Ingredient | Spirit + Citrus + Sweet | Topped With Soda","Fizz","Citrusy | Fizzy | Refreshing","Brunchy | Celebratory","Brunch | Date Night","","Effervescent",""
"170","French Connection","cocktail_recipe_book::french_connection","Cocktail Recipe Book","","Classic","Sweet and Spirit-Forward","","Stirred","Served Up | Short Drink | Simple 2-Ingredient | Spirit-Forward","","","","","Spirit-Forward","",""
"121","French Martini","cocktail_recipe_book::french_martini","Cocktail Recipe Book","","Modern","Fruity and Sweet","","Shaken","Served Up | Simple 4-Ingredient","","Fruity","Playful | Flirty","","","",""
"7","Gimlet","cocktail_recipe_book::gimlet","Cocktail Recipe Book","","Classic","Tart and Spirit-forward","","","2:1:1 | Served Up | Simple 3-Ingredient | Spirit + Citrus + Sweet","","","","","Medium","Silky",""
"8","Gin Buck","cocktail_recipe_book::gin_buck","Cocktail Recipe Book","","Classic","Bubbly and Sweet","","","Long Drink | Simple 3-Ingredient | Spirit + Citrus + Sweet","Buck","Fizzy | Refreshing","","","","",""
"199","Gin Rickey","cocktail_recipe_book::gin_rickey","Cocktail Recipe Book","","Classic","Bubbly and Tart","","","Long Drink | Simple 3-Ingredient | Spirit + Citrus + Sweet","Rickey","Fizzy | Refreshing","","","","",""
"201","Gin Soda","cocktail_recipe_book::gin_soda","Cocktail Recipe Book","","Classic","Bubbly and Herbal","","Built","Long Drink | Simple 2-Ingredient","Highball","","Chill","Patio","Sessionable","Light",""
"200","Gin and Tonic","cocktail_recipe_book::gin_and_tonic","Cocktail Recipe Book","","Classic","Bubbly and Sweet","","Built","Long Drink | Simple 2-Ingredient","Highball","Fizzy | Refreshing","Chill","Patio","Sessionable","Light",""
"67","Godfather","cocktail_recipe_book::godfather","Cocktail Recipe Book","","Modern","Bitter and Complex","","Stirred","Served Up | Short Drink | Simple 2-Ingredient | Spirit-Forward","Lowball","","","","Spirit-Forward","",""
"57","Gold Rush (by Sasha Petraske)","cocktail_recipe_book::gold_rush_by_sasha_petraske","Cocktail Recipe Book","","Modern","Sweet and Citrusy","","Shaken","Simple 3-Ingredient | Spirit + Citrus + Sweet","Sour","Citrusy","","","Medium","",""
"172","Grande Champagne Cosmo","cocktail_recipe_book::grande_champagne_cosmo","Cocktail Recipe Book","","Vintage","Rich and Fruity","","","","","","","","","",""
"122","Greyhound","cocktail_recipe_book::greyhound","Cocktail Recipe Book","","Classic","Tart and Bitter","","Built","Long Drink | Simple 2-Ingredient","","Fizzy | Refreshing","","","Sessionable","",""
"202","Hanky Panky","cocktail_recipe_book::hanky_panky","Cocktail Recipe Book","","Classic","Herbal and Spirit-Forward","","Stirred","Served Up | Short Drink | Spirit-Forward","","Bitter | Herbal","","","Spirit-Forward","",""
"123","Harvey Wallbanger","cocktail_recipe_book::harvey_wallbanger","Cocktail Recipe Book","","Modern","Fruity and Sweet","","","","Tall Drink","Fruity | Sweet","","Party","","",""
"68","Hebridean Shores","cocktail_recipe_book::hebridean_shores","Cocktail Recipe Book","","Modern","Fruity and Citrusy","","","","","","","","","",""
"69","Highland Fling","cocktail_recipe_book::highland_fling","Cocktail Recipe Book","","Vintage","Strong and Smoky","Dramatic","","","","Smoky","","","","",""
"70","Hobnail","cocktail_recipe_book::hobnail","Cocktail Recipe Book","","Modern","Spicy and Bitter","","","","","","","","","",""
"225","Hot Apple Cider","cocktail_recipe_book::hot_apple_cider","Cocktail Recipe Book","","Modern","","","","Hot Cocktail","","Warming","Cozy","Holiday | Winter","","",""
"58","Hot Toddy","cocktail_recipe_book::hot_toddy","Cocktail Recipe Book","","Classic","Warm and Soothing","","","Hot Cocktail","","Warming","Cozy","Holiday | Winter","","",""
"95","Jungle Bird","cocktail_recipe_book::jungle_bird","Cocktail Recipe Book","","Modern","Tart and Fruity","Tiki","Shaken","Complex Spec | Simple 4-Ingredient | Tiki Multi-Ingredient","","Bitter | Tropical","Adventurous","","","",""
"124","Kamikaze","cocktail_recipe_book::kamikaze","Cocktail Recipe Book","","Modern","Dry and Citrusy","","Shaken","","","Citrusy","","","Medium","",""
"59","Kentucky Buck (by Eric Castro)","cocktail_recipe_book::kentucky_buck_by_eric_castro","Cocktail Recipe Book","","Modern","Fruity and Spicy","","","Long Drink | Simple 3-Ingredient | Spirit + Citrus + Sweet","Buck","Spicy","","","","",""
"186","Kir Royale","cocktail_recipe_book::kir_royale","Cocktail Recipe Book","","Classic","Fruity and Refined","Elegant | Festive","Built","","","","Brunchy | Celebratory | Romantic","Brunch | Date Night","Low-ABV","Effervescent",""
"9","Last Word","cocktail_recipe_book::last_word","Cocktail Recipe Book","","Classic","Tart and Herbal","","Shaken","Equal Parts | Served Up | Simple 4-Ingredient","Sour","Citrusy | Herbal","Late-Night","","Medium","",""
"10","Left Bank Martini (by Simon Difford)","cocktail_recipe_book::left_bank_martini_by_simon_difford","Cocktail Recipe Book","","Modern","Dry and Herbal","","Stirred","Short Drink | Spirit-Forward","","","","","","",""
"125","Lemon Drop","cocktail_recipe_book::lemon_drop","Cocktail Recipe Book","","Modern","Citrusy and Refreshing","","Shaken","","","Citrusy","","","","",""
"126","Long Island Iced Tea","cocktail_recipe_book::long_island_iced_tea","Cocktail Recipe Book","","Modern","Strong and Sweet","","Built","Complex Spec | Long Drink","","","Bold | Late-Night","Game Day | Party","High-Octane","",""
"11","Lorraine","cocktail_recipe_book::lorraine","Cocktail Recipe Book","","Vintage","Citrusy and Sweet","","Stirred","Short Drink | Spirit-Forward","","","","","","",""
"34","Lynchburg Lemonade","cocktail_recipe_book::lynchburg_lemonade","Cocktail Recipe Book","","Modern","Light and Refreshing","","","Long Drink","Tall Drink","","","Game Day | Party","","",""
"96","Mai Tai","cocktail_recipe_book::mai_tai","Cocktail Recipe Book","","Vintage","Light and Minty","Photogenic | Tiki","Shaken","Complex Spec | Over Crushed Ice | Simple 4-Ingredient | Tiki Multi-Ingredient","","Tropical","Poolside","Summer","","Icy",""
"72","Mamie Taylor","cocktail_recipe_book::mamie_taylor","Cocktail Recipe Book","","Modern","Citrusy and Refreshing","","Built","","Buck","","","","","",""
"35","Manhattan","cocktail_recipe_book::manhattan","Cocktail Recipe Book","","Classic","Dry and Citrusy","Classic","Stirred","3:2:1 | Served Up | Short Drink | Simple 3-Ingredient | Spirit-Forward","","Bitter","Sophisticated","Dinner Party | Nightcap","Spirit-Forward","",""
"139","Margarita","cocktail_recipe_book::margarita","Cocktail Recipe Book","","Classic","Citrusy and Refreshing","","Shaken","Simple 3-Ingredient | Spirit + Citrus + Sweet","Sour","Citrusy","Playful","","Medium","",""
"140","Margarita (Blended)","cocktail_recipe_book::margarita_blended","Cocktail Recipe Book","","","","","Blended","Frozen Cocktail","","","","","","",""
"12","Martini","cocktail_recipe_book::martini","Cocktail Recipe Book","","Classic","Dry and Spirit-forward","Classic | Minimal","Stirred","Served Up | Short Drink | Simple 3-Ingredient | Spirit-Forward","","Bitter","Sophisticated","Dinner Party | Nightcap","High-Octane | Spirit-Forward","",""
"97","Mary Pickford","cocktail_recipe_book::mary_pickford","Cocktail Recipe Book","","Classic","Sweet and Citrusy","","","","","Tropical | Fruity","","","","",""
"142","Matador","cocktail_recipe_book::matador","Cocktail Recipe Book","","Modern","Fruity and Refreshing","","","","","","","","","",""
"36","McKinley's Delight","cocktail_recipe_book::mckinleys_delight","Cocktail Recipe Book","","Classic","Sweet and Spirit-Forward","","","","","","","","","",""
"143","Mexican","cocktail_recipe_book::mexican","Cocktail Recipe Book","","Modern","Light and Refreshing","","","","","","","","","",""
"144","Mexican Mule","cocktail_recipe_book::mexican_mule","Cocktail Recipe Book","","Modern","Spicy and Sweet","","Built","Long Drink | Simple 3-Ingredient | Spirit + Citrus + Sweet","Buck","Fizzy | Refreshing | Spicy","","","","",""
"60","Milk Punch","cocktail_recipe_book::milk_punch","Cocktail Recipe Book","","Classic","Smooth and Sweet","","","","","Creamy","Cozy","Holiday | Winter","","Creamy",""
"61","Millionaire","cocktail_recipe_book::millionaire","Cocktail Recipe Book","","Classic","Fruity and Sweet","","Dry Shake | Shaken","Egg White / Foam | Short Drink | Simple 4-Ingredient","","","","","","Frothy",""
"187","Mimosa","cocktail_recipe_book::mimosa","Cocktail Recipe Book","","Classic","Fruity and Sweet","Festive","Built | Shaken","Long Drink | Simple 3-Ingredient | Topped With Soda","","Fizzy | Refreshing","Brunchy | Playful | Celebratory","Brunch","Low-ABV | Sessionable","Effervescent",""
"62","Mint Julep","cocktail_recipe_book::mint_julep","Cocktail Recipe Book","","Classic","Sweet and Spirit-forward","","Muddled","Over Crushed Ice","Julep","","","","","Icy",""
"98","Missionary's Downfall","cocktail_recipe_book::missionarys_downfall","Cocktail Recipe Book","","Classic","Balanced and Refreshing","","","Complex Spec | Over Crushed Ice | Tiki Multi-Ingredient","","Tropical","","","","",""
"99","Mojito","cocktail_recipe_book::mojito","Cocktail Recipe Book","","","Light and Refreshing","","Muddled","Long Drink | Spirit + Citrus + Sweet","","Refreshing","Poolside","Summer","Sessionable","",""
"74","Morning Glory Fizz","cocktail_recipe_book::morning_glory_fizz","Cocktail Recipe Book","","Classic","Sweet and Aromatic","","Built","Topped With Soda","Fizz","","","","","",""
"127","Moscow Mule","cocktail_recipe_book::moscow_mule","Cocktail Recipe Book","","Vintage","Sweet and Spicy","","Built","Long Drink | Simple 3-Ingredient | Spirit + Citrus + Sweet","Buck","Fizzy | Refreshing | Spicy","","Game Day | Party","","",""
"128","Mudslide","cocktail_recipe_book::mudslide","Cocktail Recipe Book","","Modern","Sweet and Creamy","","","","","Creamy | Coffee / Chocolate","","","","Creamy | Thick",""
"13","Negroni","cocktail_recipe_book::negroni","Cocktail Recipe Book","","Classic","Bitter and Dry","Classic | Minimal","Stirred","Equal Parts | Served Up | Short Drink | Simple 3-Ingredient | Spirit-Forward","","Bitter | Herbal","Sophisticated","Aperitif | Dinner Party","Spirit-Forward","",""
"63","New York Flip","cocktail_recipe_book::new_york_flip","Cocktail Recipe Book","","Classic","Smooth and Light","","Dry Shake | Shaken","Egg White / Foam","Flip","","","","","Frothy",""
"37","New York Sour","cocktail_recipe_book::new_york_sour","Cocktail Recipe Book","","Modern","Smooth and Sweet","","Layered | Shaken","Simple 4-Ingredient | Spirit + Citrus + Sweet","Sour","Sour","","","","Silky",""
"100","Old Cuban (by Audrey Saunders)","cocktail_recipe_book::old_cuban_by_audrey_saunders","Cocktail Recipe Book","","Modern","Bubbly and Minty","","Shaken","Long Drink | Spirit + Citrus + Sweet | Topped With Soda","Fizz","","","","","",""
"64","Old Fashioned","cocktail_recipe_book::old_fashioned","Cocktail Recipe Book","","Classic","Robust and Citrusy","Classic","Stirred","Served Up | Short Drink | Simple 3-Ingredient | Spirit-Forward","Lowball","Bitter | Warming","Contemplative","Dinner Party | Nightcap","Spirit-Forward","",""
"173","Olympic","cocktail_recipe_book::olympic","Cocktail Recipe Book","","Classic","Citrusy and Sweet","","Stirred","Short Drink","","","","","","",""
"203","Oriental","cocktail_recipe_book::oriental","Cocktail Recipe Book","","Classic","Dry and Citrusy","","Stirred","Served Up | Short Drink | Spirit-Forward","","","","","","",""
"101","Painkiller","cocktail_recipe_book::painkiller","Cocktail Recipe Book","","","Fruity and Sweet","Tiki","","Complex Spec | Tiki Multi-Ingredient","","Creamy | Tropical","Poolside","Summer","","Creamy | Icy",""
"145","Paloma","cocktail_recipe_book::paloma","Cocktail Recipe Book","","Classic","Sweet and Tart","","Built | Shaken","Long Drink | Simple 3-Ingredient | Spirit + Citrus + Sweet","","Citrusy | Refreshing","Poolside","Summer","Sessionable","",""
"14","Paradise","cocktail_recipe_book::paradise","Cocktail Recipe Book","","Classic","Citrusy and Complex","","Shaken","","","","","","","",""
"15","Pegu Club","cocktail_recipe_book::pegu_club","Cocktail Recipe Book","","Classic","Tart and Spirit-Forward","","Shaken","Served Up | Simple 4-Ingredient | Spirit + Citrus + Sweet","Sour","Citrusy","","","Medium","",""
"75","Penicillin","cocktail_recipe_book::penicillin","Cocktail Recipe Book","","Modern","Smoky and Spicy","","Shaken","Spirit + Citrus + Sweet","Sour","Spicy | Warming | Smoky","Adventurous","","","",""
"102","Piña Colada","cocktail_recipe_book::piña_colada","Cocktail Recipe Book","","","Smooth and Fruity","Photogenic | Tiki","","Tiki Multi-Ingredient","","Creamy | Tropical","Playful | Poolside","Summer","","Creamy",""
"103","Piña Colada (Blended)","cocktail_recipe_book::piña_colada_blended","Cocktail Recipe Book","","","","","Blended","Frozen Cocktail","","","","","","Thick",""
"104","Planter's Punch","cocktail_recipe_book::planters_punch","Cocktail Recipe Book","","","Sweet and Spicy","Tiki","","Complex Spec | Tiki Multi-Ingredient","","Tropical | Fruity","","","","",""
"188","Ponce de Leon","cocktail_recipe_book::ponce_de_leon","Cocktail Recipe Book","","Classic","Balanced and Bubbly","","","","","","","","","",""
"76","Presbyterian","cocktail_recipe_book::presbyterian","Cocktail Recipe Book","","Classic","Subtle and Spicy","","Built","Long Drink","","","","","Sessionable","",""
"77","Purple Heather","cocktail_recipe_book::purple_heather","Cocktail Recipe Book","","Modern","Sweet and Simple","","","","","","","","","",""
"204","Red Hook (by Enzo Enrico)","cocktail_recipe_book::red_hook_by_enzo_enrico","Cocktail Recipe Book","","Modern","Tart and Spirit-forward","","Stirred","Served Up | Short Drink | Spirit-Forward","","","","","Spirit-Forward","",""
"174","Renaissance","cocktail_recipe_book::renaissance","Cocktail Recipe Book","","Modern","Citrusy and Complex","","","","","","","","","",""
"78","Rob Roy","cocktail_recipe_book::rob_roy","Cocktail Recipe Book","","Classic","Strong and Spirit-forward","","Stirred","Served Up | Short Drink | Simple 3-Ingredient | Spirit-Forward","","Bitter","Sophisticated","","Spirit-Forward","",""
"205","Rock n' Rye","cocktail_recipe_book::rock_n_rye","Cocktail Recipe Book","","Modern","Sweet and Citrusy","","","","","","","","","",""
"146","Rosita","cocktail_recipe_book::rosita","Cocktail Recipe Book","","Modern","Dry and Bitter","","Stirred","Served Up | Short Drink | Spirit-Forward","","Bitter | Herbal","","","Spirit-Forward","",""
"189","Royal Mojito","cocktail_recipe_book::royal_mojito","Cocktail Recipe Book","","Modern","Minty and Refreshing","","Muddled","","","","","","","",""
"147","Rude Cosmopolitan","cocktail_recipe_book::rude_cosmopolitan","Cocktail Recipe Book","","Modern","Fruity and Sweet","","","","","","","","","",""
"105","Rum Caipirinha","cocktail_recipe_book::rum_caipirinha","Cocktail Recipe Book","","Classic","Citrusy and Spirit-forward","","Muddled","","","","","","","",""
"106","Rum Dum","cocktail_recipe_book::rum_dum","Cocktail Recipe Book","","Vintage","Sweet and Refreshing","","","","","","","","","",""
"107","Rum Punch","cocktail_recipe_book::rum_punch","Cocktail Recipe Book","","","Fruity and Sweet","","","","","","","","","",""
"108","Rum Runner","cocktail_recipe_book::rum_runner","Cocktail Recipe Book","","","Sweet and Citrusy","","","Complex Spec | Tiki Multi-Ingredient","","Tropical","","","","",""
"109","Rum Swizzle","cocktail_recipe_book::rum_swizzle","Cocktail Recipe Book","","","Sweet and Citrusy","","Swizzled","Over Crushed Ice","Swizzle","","","","","Icy",""
"79","Rusty Compass","cocktail_recipe_book::rusty_compass","Cocktail Recipe Book","","Modern","Sweet and Spirit-forward","","","","","","","","","",""
"80","Rusty Nail","cocktail_recipe_book::rusty_nail","Cocktail Recipe Book","","Classic","Bitter and Spirit-forward","Classic","Stirred","Served Up | Short Drink | Simple 2-Ingredient | Spirit-Forward","Lowball","Warming","","After Dinner | Nightcap","Spirit-Forward","",""
"206","Rye and Pomegranate Punch","cocktail_recipe_book::rye_and_pomegranate_punch","Cocktail Recipe Book","","Modern","Fruity and Sweet","","","","","","","","","",""
"190","Sandeman Sparkler","cocktail_recipe_book::sandeman_sparkler","Cocktail Recipe Book","","Modern","Bubbly and Sweet","","","","","","","","","",""
"38","Saratoga Cocktail #1","cocktail_recipe_book::saratoga_cocktail_#1","Cocktail Recipe Book","","Vintage","Bitter and Spirit-forward","","","","","","","","","",""
"39","Sazerac","cocktail_recipe_book::sazerac","Cocktail Recipe Book","","Classic","Dry and Spirit-forward","Classic","Stirred","Served Up | Short Drink | Simple 3-Ingredient | Spirit-Forward","","Bitter","Sophisticated | Contemplative","Nightcap","High-Octane | Spirit-Forward","",""
"65","Scofflaw","cocktail_recipe_book::scofflaw","Cocktail Recipe Book","","Classic","Sweet and Spirit-forward","","","","","","","","","",""
"81","Scotch Old-Fashioned","cocktail_recipe_book::scotch_old_fashioned","Cocktail Recipe Book","","Classic","Simple and Strong","Classic","Stirred","Served Up | Short Drink | Simple 3-Ingredient | Spirit-Forward","Lowball","","","","Spirit-Forward","",""
"83","Scotch Sour","cocktail_recipe_book::scotch_sour","Cocktail Recipe Book","","Classic","Sweet and Smooth","","Shaken","Simple 3-Ingredient | Spirit + Citrus + Sweet","Sour","Citrusy | Sour | Warming","","","","",""
"82","Scotch and Soda","cocktail_recipe_book::scotch_and_soda","Cocktail Recipe Book","","Classic","Simple and Smooth","","Built","Long Drink | Simple 2-Ingredient","Highball","Fizzy | Refreshing","","","Sessionable","",""
"129","Screwdriver","cocktail_recipe_book::screwdriver","Cocktail Recipe Book","","Classic","Sweet and Citrusy","","Built","Long Drink | Simple 2-Ingredient","","","","","","",""
"130","Sea Breeze","cocktail_recipe_book::sea_breeze","Cocktail Recipe Book","","Modern","Fruity and Refreshing","","Built","Long Drink","","Fizzy | Refreshing","","","Sessionable","",""
"131","Sex on the Beach","cocktail_recipe_book::sex_on_the_beach","Cocktail Recipe Book","","Modern","Sweet and Fruity","Colorful","","","","Fruity | Sweet","Playful | Flirty","Party | Summer","","",""
"40","Sherman Cocktail","cocktail_recipe_book::sherman_cocktail","Cocktail Recipe Book","","Modern","Herbal and Spirit-forward","","","","","","","","","",""
"175","Sidecar","cocktail_recipe_book::sidecar","Cocktail Recipe Book","","Classic","Tart and Complex","","Shaken","3:2:1 | Served Up | Simple 3-Ingredient | Spirit + Citrus + Sweet","Sour","Citrusy","","","Medium","Silky",""
"16","Singapore Sling","cocktail_recipe_book::singapore_sling","Cocktail Recipe Book","","","Fruity and Tart","","","Complex Spec | Long Drink","Sling","","","","","",""
"148","Snow White","cocktail_recipe_book::snow_white","Cocktail Recipe Book","","Modern","Creamy and Decadent","","","","","","","","","",""
"191","Southside Royale","cocktail_recipe_book::southside_royale","Cocktail Recipe Book","","Classic","Citrusy and Sweet","","","","","","","","","",""
"41","Stone Fence","cocktail_recipe_book::stone_fence","Cocktail Recipe Book","","Classic","Dry and Lightly-spiced","","","","","","","","","",""
"149","Tequila Lemonade","cocktail_recipe_book::tequila_lemonade","Cocktail Recipe Book","","Modern","Light and Refreshing","","","","","","","","","",""
"150","Tequila Mockingbird","cocktail_recipe_book::tequila_mockingbird","Cocktail Recipe Book","","Modern","Refreshing and Sweet","","","","","","","","","",""
"151","Tequila Smash","cocktail_recipe_book::tequila_smash","Cocktail Recipe Book","","Vintage","Minty and Spirit-forward","","Muddled","","Smash","","","","","",""
"152","Tequila Sour","cocktail_recipe_book::tequila_sour","Cocktail Recipe Book","","Classic","Sweet and Citrusy","","Shaken","Simple 3-Ingredient | Spirit + Citrus + Sweet","Sour","Citrusy | Sour","","","","",""
"153","Tequila Sunrise","cocktail_recipe_book::tequila_sunrise","Cocktail Recipe Book","","Vintage","Fruity and Refreshing","Colorful | Layered","Layered","","","Fruity | Refreshing","","Party | Summer","","",""
"154","Tequila Sunset","cocktail_recipe_book::tequila_sunset","Cocktail Recipe Book","","Modern","Sweet and Tart","","","","","","","","","",""
"155","Tequila Tonic","cocktail_recipe_book::tequila_tonic","Cocktail Recipe Book","","Classic","Light and Refreshing","","Built","Long Drink","","","","","Sessionable","",""
"33","The Liberal","cocktail_recipe_book::the_liberal","Cocktail Recipe Book","","Vintage","Spicy and Citrusy","","Stirred","Served Up | Short Drink | Spirit-Forward","","Bitter","","","Spirit-Forward","",""
"141","The Marguerite","cocktail_recipe_book::the_marguerite","Cocktail Recipe Book","","Classic","Tart and Refreshing","","Shaken","","","","","","","",""
"73","The Modern","cocktail_recipe_book::the_modern","Cocktail Recipe Book","","Classic","Sweet and Spirit-forward","","Stirred","Served Up | Short Drink | Spirit-Forward","","","","","","",""
"71","The Orkney Chapel (from Death and Company)","cocktail_recipe_book::the_orkney_chapel_from_death_and_company","Cocktail Recipe Book","","Modern","Complex and Spirit-forward","","","","","","","","","",""
"17","Third Degree","cocktail_recipe_book::third_degree","Cocktail Recipe Book","","Modern","Complex and Herbal","","Shaken","","","","","","","",""
"18","Tom Collins","cocktail_recipe_book::tom_collins","Cocktail Recipe Book","","Classic","Sweet and Sour","","Built","Long Drink | Simple 3-Ingredient | Spirit + Citrus + Sweet | Topped With Soda","Collins","Citrusy | Fizzy | Refreshing","","","Sessionable","",""
"42","Trinidad Sour","cocktail_recipe_book::trinidad_sour","Cocktail Recipe Book","","Modern","Bitter and Herbal","","","Equal Parts | Simple 4-Ingredient","Sour","Bitter | Sour","Adventurous | Bold","","High-Octane | Spirit-Forward","",""
"110","Tropical Escape","cocktail_recipe_book::tropical_escape","Cocktail Recipe Book","","","Sweet and Refreshing","","","","","","","","","",""
"192","Twinkle","cocktail_recipe_book::twinkle","Cocktail Recipe Book","","Modern","Refined and Citrusy","","","","","","","","","",""
"193","Twisted Sobriety","cocktail_recipe_book::twisted_sobriety","Cocktail Recipe Book","","Modern","Subtle and Bubbly","","","","","","","","","",""
"194","Vavavoom","cocktail_recipe_book::vavavoom","Cocktail Recipe Book","","Modern","Subtle and Sweet","","","","","","","","","",""
"19","Vesper","cocktail_recipe_book::vesper","Cocktail Recipe Book","","Classic","Dry and Herbal","Elegant | Minimal","Stirred","Equal Parts | Served Up | Short Drink | Spirit-Forward","","","Contemplative | Romantic","Date Night | Dinner Party","High-Octane | Spirit-Forward","Silky",""
"44","Vieux Carré","cocktail_recipe_book::vieux_carré","Cocktail Recipe Book","","Classic","Smooth and Complex","","Stirred","Served Up | Short Drink | Spirit-Forward | Split Base","","Bitter","Sophisticated | Contemplative","Dinner Party | Nightcap","High-Octane | Spirit-Forward","",""
"132","Vodka Martini","cocktail_recipe_book::vodka_martini","Cocktail Recipe Book","","Classic","Dry and Spirit-forward","Classic | Minimal","Stirred","Served Up | Short Drink | Spirit-Forward","","","","Dinner Party | Nightcap","High-Octane | Spirit-Forward","",""
"133","Vodka Soda","cocktail_recipe_book::vodka_soda","Cocktail Recipe Book","","Classic","Bubbly and Dry","","Built","Long Drink | Simple 2-Ingredient","Highball","Fizzy | Refreshing","Chill","Patio","Sessionable","Light",""
"66","Ward Eight","cocktail_recipe_book::ward_eight","Cocktail Recipe Book","","Classic","Sweet and Citrusy","","Shaken","Spirit + Citrus + Sweet","Sour","Citrusy","","","","",""
"43","Whiskey Sour","cocktail_recipe_book::whiskey_sour","Cocktail Recipe Book","","Classic","Sweet and Sour","","Shaken","Simple 3-Ingredient | Spirit + Citrus + Sweet","Sour","Citrusy | Sour | Warming","","","","",""
"20","White Lady","cocktail_recipe_book::white_lady","Cocktail Recipe Book","","Classic","Sweet and Sour","","Shaken","Served Up | Simple 3-Ingredient | Spirit + Citrus + Sweet","Sour","Citrusy","","","","",""
"45","Witty Comeback","cocktail_recipe_book::witty_comeback","Cocktail Recipe Book","","Modern","Complex and Herbal","","","","","","","","","",""
"111","Zombie","cocktail_recipe_book::zombie","Cocktail Recipe Book","","","Strong and Sweet","Dramatic | Tiki","","Complex Spec | Over Crushed Ice | Tiki Multi-Ingredient","","Tropical","Adventurous | Bold | Late-Night","","High-Octane","",""
"207","Apricot Mocktail","ultimate_bar_book_the_comprehensive_guid::apricot_mocktail","Ultimate Bar Book: the Comprehensive Guide","","","","","","","","","","","Low-ABV","",""
"208","Banana Mocha Frappé","ultimate_bar_book_the_comprehensive_guid::banana_mocha_frapp","Ultimate Bar Book: the Comprehensive Guide","","","","","Blended","Frozen Cocktail","","Coffee / Chocolate | Creamy","","","","Creamy | Thick",""
"209","Beach Breeze","ultimate_bar_book_the_comprehensive_guid::beach_breeze","Ultimate Bar Book: the Comprehensive Guide","","","","","","","","","","","","",""
"210","Bergamot-Berry Iced Tea","ultimate_bar_book_the_comprehensive_guid::bergamot_berry_iced_tea","Ultimate Bar Book: the Comprehensive Guide","","","","","","","","","","","","",""
"211","Chocolate Citrus Cocktail","ultimate_bar_book_the_comprehensive_guid::chocolate_citrus_cocktail","Ultimate Bar Book: the Comprehensive Guide","","","","","","","","","","","","",""
"212","Cilantro Limeade Cooler","ultimate_bar_book_the_comprehensive_guid::cilantro_limeade_cooler","Ultimate Bar Book: the Comprehensive Guide","","","","","","Long Drink","Cooler","","","","","",""
"214","Coconut Fizz","ultimate_bar_book_the_comprehensive_guid::coconut_fizz","Ultimate Bar Book: the Comprehensive Guide","","","","","Built","Topped With Soda","Fizz","","","","","",""
"216","Cucumber Lemonade","ultimate_bar_book_the_comprehensive_guid::cucumber_lemonade","Ultimate Bar Book: the Comprehensive Guide","","","","","","","","","","","","",""
"218","Fuzzless Navel","ultimate_bar_book_the_comprehensive_guid::fuzzless_navel","Ultimate Bar Book: the Comprehensive Guide","","","","","","","","","","","","",""
"220","Ginger Citrus Cocktail","ultimate_bar_book_the_comprehensive_guid::ginger_citrus_cocktail","Ultimate Bar Book: the Comprehensive Guide","","","","","","","","","","","","",""
"221","Ginger Julep","ultimate_bar_book_the_comprehensive_guid::ginger_julep","Ultimate Bar Book: the Comprehensive Guide","","","","","Muddled","Over Crushed Ice","Julep","Spicy","","","","",""
"219","Ginger and Fred","ultimate_bar_book_the_comprehensive_guid::ginger_and_fred","Ultimate Bar Book: the Comprehensive Guide","","","","","","","","Spicy","","","","",""
"223","Hibiscus-Lemongrass Iced Tea Cooler","ultimate_bar_book_the_comprehensive_guid::hibiscus_lemongrass_iced_tea_cooler","Ultimate Bar Book: the Comprehensive Guide","","","","","","Long Drink","Cooler","","","","","",""
"226","Iced Mocha Java","ultimate_bar_book_the_comprehensive_guid::iced_mocha_java","Ultimate Bar Book: the Comprehensive Guide","","","","","","","","","","","","",""
"227","Jill-in-the-Box","ultimate_bar_book_the_comprehensive_guid::jill_in_the_box","Ultimate Bar Book: the Comprehensive Guide","","","","","","","","","","","","",""
"228","Lemon Berry Ambrosia","ultimate_bar_book_the_comprehensive_guid::lemon_berry_ambrosia","Ultimate Bar Book: the Comprehensive Guide","","","","","","","","","","","","",""
"229","Lemonade","ultimate_bar_book_the_comprehensive_guid::lemonade","Ultimate Bar Book: the Comprehensive Guide","","","","","Built","","","","","","Low-ABV","",""
"230","Mango Tango","ultimate_bar_book_the_comprehensive_guid::mango_tango","Ultimate Bar Book: the Comprehensive Guide","","","","","","","","","","","","",""
"231","Mexicocoa Eggnog","ultimate_bar_book_the_comprehensive_guid::mexicocoa_eggnog","Ultimate Bar Book: the Comprehensive Guide","","","","","","","","Creamy","Cozy","Holiday | Winter","","Creamy",""
"234","Orangeade","ultimate_bar_book_the_comprehensive_guid::orangeade","Ultimate Bar Book: the Comprehensive Guide","","","","","Built","","","","","","Low-ABV","",""
"235","Papaya Banana Restorative","ultimate_bar_book_the_comprehensive_guid::papaya_banana_restorative","Ultimate Bar Book: the Comprehensive Guide","","","","","","","","","","","","",""
"237","Paradise Cooler","ultimate_bar_book_the_comprehensive_guid::paradise_cooler","Ultimate Bar Book: the Comprehensive Guide","","","","","","Long Drink","Cooler","","","","","",""
"238","Pink Grapefruit","ultimate_bar_book_the_comprehensive_guid::pink_grapefruit","Ultimate Bar Book: the Comprehensive Guide","","","","","","","","","","","","",""
"241","Piña Un-Colada","ultimate_bar_book_the_comprehensive_guid::pi_a_un_colada","Ultimate Bar Book: the Comprehensive Guide","","","","","","","","","","","Low-ABV","",""
"242","Plum Mango Lassi","ultimate_bar_book_the_comprehensive_guid::plum_mango_lassi","Ultimate Bar Book: the Comprehensive Guide","","","","","Blended","Frozen Cocktail","","Creamy","","","","Creamy | Thick",""
"243","Raspberry Pamplemousse Cocktail","ultimate_bar_book_the_comprehensive_guid::raspberry_pamplemousse_cocktail","Ultimate Bar Book: the Comprehensive Guide","","","","","","","","","","","","",""
"244","Roy Rogers","ultimate_bar_book_the_comprehensive_guid::roy_rogers","Ultimate Bar Book: the Comprehensive Guide","","","","","Built","Long Drink | Topped With Soda","","Fizzy","","","Low-ABV | Sessionable","",""
"246","Shirley Temple","ultimate_bar_book_the_comprehensive_guid::shirley_temple","Ultimate Bar Book: the Comprehensive Guide","","","","","Built","Long Drink | Topped With Soda","","Fizzy","","","Low-ABV | Sessionable","",""
"248","Springtime Smoothie","ultimate_bar_book_the_comprehensive_guid::springtime_smoothie","Ultimate Bar Book: the Comprehensive Guide","","","","","Blended","Frozen Cocktail","","","","","","",""
"249","Summer Cooler","ultimate_bar_book_the_comprehensive_guid::summer_cooler","Ultimate Bar Book: the Comprehensive Guide","","","","","","Long Drink","Cooler","","","","","",""
"251","Virgin Bite of the Iguana","ultimate_bar_book_the_comprehensive_guid::virgin_bite_of_the_iguana","Ultimate Bar Book: the Comprehensive Guide","","","","","","","","","","","Low-ABV","",""
"252","Virgin Mary","ultimate_bar_book_the_comprehensive_guid::virgin_mary","Ultimate Bar Book: the Comprehensive Guide","","","","","","","","","","","Low-ABV","",""
"258","Chancellor","user_added::chancellor","User Added","","Classic","","","Shaken","Served Up | Simple 4-Ingredient | Spirit + Citrus + Sweet","Sour","","","","","",""
"213","Coastal Spritz","user_added::coastal_spritz","User Added","","Modern","","","","Long Drink | Topped With Soda","","Refreshing","Chill","","Low-ABV","Effervescent",""
"222","Golden Orchard","user_added::golden_orchard","User Added","","Modern","","","","","","","","","","",""
"224","Highland Bloom","user_added::highland_bloom","User Added","","Modern","","","","","","","","","","",""
"232","Midnight Oreo Cocktail","user_added::midnight_oreo_cocktail","User Added","Coupe","Modern","","","","","","","","","","",""
"233","Midnight Reverie","user_added::midnight_reverie","User Added","","Modern","","","Shaken","","","","","","","",""
"253","Monte Carlo","user_added::monte_carlo","User Added","Coupe","","","","Stirred","Served Up | Short Drink | Spirit-Forward","","","","","Spirit-Forward","",""
"236","Paper Plane","user_added::paper_plane","User Added","Coupe","Modern","","","Shaken","Equal Parts | Served Up | Simple 4-Ingredient","Sour","Bitter","","","","",""
"247","South Carolina Sunset","user_added::south_carolina_sunset","User Added","","Modern","","","","","","","","","","",""
